"행정구역(시군구)별","연령별",2008.01,2008.02,2008.03,2008.04,2008.05,2008.06,2008.07,2008.08,2008.09,2008.10,2008.11,2008.12,2009.01,2009.02,2009.03,2009.04,2009.05,2009.06,2009.07,2009.08,2009.09,2009.10,2009.11,2009.12,2010.01,2010.02,2010.03,2010.04,2010.05,2010.06,2010.07,2010.08,2010.09,2010.10,2010.11,2010.12,2011.01,2011.02,2011.03,2011.04,2011.05,2011.06,2011.07,2011.08,2011.09,2011.10,2011.11,2011.12,2012.01,2012.02,2012.03,2012.04,2012.05,2012.06,2012.07,2012.08,2012.09,2012.10,2012.11,2012.12,2013.01,2013.02,2013.03,2013.04,2013.05,2013.06,2013.07,2013.08,2013.09,2013.10,2013.11,2013.12,2014.01,2014.02,2014.03,2014.04,2014.05,2014.06,2014.07,2014.08,2014.09,2014.10,2014.11,2014.12,2015.01,2015.02,2015.03,2015.04,2015.05,2015.06,2015.07,2015.08,2015.09,2015.10,2015.11,2015.12,2016.01,2016.02,2016.03,2016.04,2016.05,2016.06,2016.07,2016.08,2016.09,2016.10,2016.11,2016.12,2017.01,2017.02,2017.03,2017.04,2017.05,2017.06,2017.07,2017.08,2017.09,2017.10,2017.11,2017.12,2018.01,2018.02,2018.03,2018.04,2018.05,2018.06,2018.07,2018.08,2018.09,2018.10,2018.11,2018.12,2019.01,2019.02,2019.03,2019.04,2019.05,2019.06,2019.07,2019.08,2019.09,2019.10,2019.11,2019.12,2020.01,2020.02,2020.03,2020.04,2020.05,2020.06,2020.07,2020.08,2020.09,2020.10,2020.11,2020.12,2021.01,2021.02,2021.03,2021.04,2021.05,2021.06,2021.07,2021.08,2021.09,2021.10,2021.11,2021.12,2022.01,2022.02,2022.03,2022.04,2022.05,2022.06,2022.07,2022.08,2022.09,2022.10,2022.11,2022.12,2023.01,2023.02,2023.03,2023.04,2023.05,2023.06,2023.07,2023.08,2023.09,2023.10,2023.11,2023.12,2024.01,2024.02,2024.03,2008,2009,2010,2011,2012,2013,2014,2015,2016,2017,2018,2019,2020,2021,2022,2023
"행정구역(시군구)별","연령별",순이동 (명),순이동 (명),순이동 (명),순이동 (명),순이동 (명),순이동 (명),순이동 (명),순이동 (명),순이동 (명),순이동 (명),순이동 (명),순이동 (명),순이동 (명),순이동 (명),순이동 (명),순이동 (명),순이동 (명),순이동 (명),순이동 (명),순이동 (명),순이동 (명),순이동 (명),순이동 (명),순이동 (명),순이동 (명),순이동 (명),순이동 (명),순이동 (명),순이동 (명),순이동 (명),순이동 (명),순이동 (명),순이동 (명),순이동 (명),순이동 (명),순이동 (명),순이동 (명),순이동 (명),순이동 (명),순이동 (명),순이동 (명),순이동 (명),순이동 (명),순이동 (명),순이동 (명),순이동 (명),순이동 (명),순이동 (명),순이동 (명),순이동 (명),순이동 (명),순이동 (명),순이동 (명),순이동 (명),순이동 (명),순이동 (명),순이동 (명),순이동 (명),순이동 (명),순이동 (명),순이동 (명),순이동 (명),순이동 (명),순이동 (명),순이동 (명),순이동 (명),순이동 (명),순이동 (명),순이동 (명),순이동 (명),순이동 (명),순이동 (명),순이동 (명),순이동 (명),순이동 (명),순이동 (명),순이동 (명),순이동 (명),순이동 (명),순이동 (명),순이동 (명),순이동 (명),순이동 (명),순이동 (명),순이동 (명),순이동 (명),순이동 (명),순이동 (명),순이동 (명),순이동 (명),순이동 (명),순이동 (명),순이동 (명),순이동 (명),순이동 (명),순이동 (명),순이동 (명),순이동 (명),순이동 (명),순이동 (명),순이동 (명),순이동 (명),순이동 (명),순이동 (명),순이동 (명),순이동 (명),순이동 (명),순이동 (명),순이동 (명),순이동 (명),순이동 (명),순이동 (명),순이동 (명),순이동 (명),순이동 (명),순이동 (명),순이동 (명),순이동 (명),순이동 (명),순이동 (명),순이동 (명),순이동 (명),순이동 (명),순이동 (명),순이동 (명),순이동 (명),순이동 (명),순이동 (명),순이동 (명),순이동 (명),순이동 (명),순이동 (명),순이동 (명),순이동 (명),순이동 (명),순이동 (명),순이동 (명),순이동 (명),순이동 (명),순이동 (명),순이동 (명),순이동 (명),순이동 (명),순이동 (명),순이동 (명),순이동 (명),순이동 (명),순이동 (명),순이동 (명),순이동 (명),순이동 (명),순이동 (명),순이동 (명),순이동 (명),순이동 (명),순이동 (명),순이동 (명),순이동 (명),순이동 (명),순이동 (명),순이동 (명),순이동 (명),순이동 (명),순이동 (명),순이동 (명),순이동 (명),순이동 (명),순이동 (명),순이동 (명),순이동 (명),순이동 (명),순이동 (명),순이동 (명),순이동 (명),순이동 (명),순이동 (명),순이동 (명),순이동 (명),순이동 (명),순이동 (명),순이동 (명),순이동 (명),순이동 (명),순이동 (명),순이동 (명),순이동 (명),순이동 (명),순이동 (명),순이동 (명),순이동 (명),순이동 (명),순이동 (명),순이동 (명),순이동 (명),순이동 (명),순이동 (명),순이동 (명),순이동 (명),순이동 (명),순이동 (명),순이동 (명),순이동 (명),순이동 (명),순이동 (명),순이동 (명),순이동 (명),순이동 (명),순이동 (명),순이동 (명),순이동 (명),순이동 (명)
"전국","계",0,0,0,0,0,0,0,0,0,0,0,0,0,0,0,0,0,0,0,0,0,0,0,0,0,0,0,0,0,0,0,0,0,0,0,0,0,0,0,0,0,0,0,0,0,0,0,0,0,0,0,0,0,0,0,0,0,0,0,0,0,0,0,0,0,0,0,0,0,0,0,0,0,0,0,0,0,0,0,0,0,0,0,0,0,0,0,0,0,0,0,0,0,0,0,0,0,0,0,0,0,0,0,0,0,0,0,0,0,0,0,0,0,0,0,0,0,0,0,0,0,0,0,0,0,0,0,0,0,0,0,0,0,0,0,0,0,0,0,0,0,0,0,0,0,0,0,0,0,0,0,0,0,0,0,0,0,0,0,0,0,0,0,0,0,0,0,0,0,0,0,0,0,0,0,0,0,0,0,0,0,0,0,0,0,0,0,0,0,0,0,0,0,0,0,0,0,0,0,0,0,0,0,0,0,0,0,0,0,0,0
"전국","20 - 24세",0,0,0,0,0,0,0,0,0,0,0,0,0,0,0,0,0,0,0,0,0,0,0,0,0,0,0,0,0,0,0,0,0,0,0,0,0,0,0,0,0,0,0,0,0,0,0,0,0,0,0,0,0,0,0,0,0,0,0,0,0,0,0,0,0,0,0,0,0,0,0,0,0,0,0,0,0,0,0,0,0,0,0,0,0,0,0,0,0,0,0,0,0,0,0,0,0,0,0,0,0,0,0,0,0,0,0,0,0,0,0,0,0,0,0,0,0,0,0,0,0,0,0,0,0,0,0,0,0,0,0,0,0,0,0,0,0,0,0,0,0,0,0,0,0,0,0,0,0,0,0,0,0,0,0,0,0,0,0,0,0,0,0,0,0,0,0,0,0,0,0,0,0,0,0,0,0,0,0,0,0,0,0,0,0,0,0,0,0,0,0,0,0,0,0,0,0,0,0,0,0,0,0,0,0,0,0,0,0,0,0
"전국","25 - 29세",0,0,0,0,0,0,0,0,0,0,0,0,0,0,0,0,0,0,0,0,0,0,0,0,0,0,0,0,0,0,0,0,0,0,0,0,0,0,0,0,0,0,0,0,0,0,0,0,0,0,0,0,0,0,0,0,0,0,0,0,0,0,0,0,0,0,0,0,0,0,0,0,0,0,0,0,0,0,0,0,0,0,0,0,0,0,0,0,0,0,0,0,0,0,0,0,0,0,0,0,0,0,0,0,0,0,0,0,0,0,0,0,0,0,0,0,0,0,0,0,0,0,0,0,0,0,0,0,0,0,0,0,0,0,0,0,0,0,0,0,0,0,0,0,0,0,0,0,0,0,0,0,0,0,0,0,0,0,0,0,0,0,0,0,0,0,0,0,0,0,0,0,0,0,0,0,0,0,0,0,0,0,0,0,0,0,0,0,0,0,0,0,0,0,0,0,0,0,0,0,0,0,0,0,0,0,0,0,0,0,0
"전국","30 - 34세",0,0,0,0,0,0,0,0,0,0,0,0,0,0,0,0,0,0,0,0,0,0,0,0,0,0,0,0,0,0,0,0,0,0,0,0,0,0,0,0,0,0,0,0,0,0,0,0,0,0,0,0,0,0,0,0,0,0,0,0,0,0,0,0,0,0,0,0,0,0,0,0,0,0,0,0,0,0,0,0,0,0,0,0,0,0,0,0,0,0,0,0,0,0,0,0,0,0,0,0,0,0,0,0,0,0,0,0,0,0,0,0,0,0,0,0,0,0,0,0,0,0,0,0,0,0,0,0,0,0,0,0,0,0,0,0,0,0,0,0,0,0,0,0,0,0,0,0,0,0,0,0,0,0,0,0,0,0,0,0,0,0,0,0,0,0,0,0,0,0,0,0,0,0,0,0,0,0,0,0,0,0,0,0,0,0,0,0,0,0,0,0,0,0,0,0,0,0,0,0,0,0,0,0,0,0,0,0,0,0,0
"서울특별시","계",2342,2244,-5057,-6978,-8537,-9643,-7344,-5456,-5216,-4647,-5379,-4323,3430,7663,-2366,-4110,-2341,-2076,-3374,-4575,-7736,-9592,-13526,-13661,-4124,-5321,-12306,-11667,-11823,-9056,-7946,-7590,-8553,-10468,-14197,-11972,-4324,-3597,-10861,-10056,-10320,-10341,-8720,-9835,-9951,-9841,-12884,-12328,-3381,-2853,-9032,-8695,-8379,-7834,-8753,-9226,-8190,-11349,-11130,-14825,-4529,-4723,-7713,-10005,-8211,-8750,-8888,-6930,-6519,-8773,-11357,-14152,-4272,-2832,-6143,-8456,-7587,-8395,-7519,-5663,-6126,-9122,-9168,-12548,-3055,-4136,-9374,-11117,-11676,-14378,-11723,-12911,-12886,-14997,-13610,-17393,-6854,-8211,-8820,-10658,-11958,-12064,-12845,-14671,-10910,-13258,-14582,-15426,-2518,-1548,-4699,-6375,-6590,-6045,-8243,-8991,-13331,-10741,-14687,-14718,-7155,-7234,-7978,-10067,-11298,-8522,-9401,-8968,-7961,-10707,-11335,-9604,-94,3034,-1650,-4738,-6328,-6105,-7077,-7410,-5466,-5060,-4708,-3986,3946,3305,-3404,-7117,-2709,-3932,-5919,-8044,-10044,-10312,-9486,-11134,-10440,-9415,-6216,-9738,-8309,-8288,-8429,-8117,-8119,-9389,-10554,-9229,-2408,3265,-275,-4166,-3082,-1810,-1576,-884,-4149,-6436,-6405,-7414,-3023,3467,-878,-3365,-3353,-4233,-2692,-1020,-1370,-4727,-6239,-3817,-765,3134,-1237,-57994,-52264,-115023,-113058,-103647,-100550,-87831,-137256,-140257,-98486,-110230,-49588,-64850,-106243,-35340,-31250
"서울특별시","20 - 24세",2232,2912,2599,1628,1396,896,1067,1339,1037,754,568,510,1538,3490,2634,1406,1434,1230,1203,1738,850,473,180,-93,1233,2292,1978,965,761,917,960,1381,522,430,232,394,1501,2997,1602,855,1098,809,810,1674,453,332,390,408,1680,4047,2087,1295,1189,804,945,1678,817,562,701,241,2153,3583,2394,974,958,749,1084,1726,839,443,367,362,1979,3969,2721,1194,1388,1105,1353,1906,1323,463,483,452,2464,3415,2765,913,772,512,912,1570,754,364,403,-173,2469,3890,3154,1451,894,921,717,1752,1117,589,367,259,2642,5000,3295,1608,1765,1556,1316,2111,902,538,115,326,2720,3641,3170,1561,1304,1568,1799,2820,1546,1145,1181,1526,3578,5558,3793,1962,2173,1215,1800,2639,1949,1056,1008,1789,3238,5010,3676,2142,2582,2503,1662,2374,1522,699,870,1557,1208,2976,3725,1718,1556,1617,1987,3341,2522,1117,1403,2165,2954,6634,4699,2244,2852,2717,2686,4473,2269,1142,1209,1500,2544,6323,3750,2146,2320,1511,1949,3020,2033,1092,978,1574,2774,5840,3854,16938,16083,12065,12929,16046,15632,18336,14671,17580,21174,23981,28520,27835,25335,35379,29240
"서울특별시","25 - 29세",1584,1410,1444,961,614,182,366,585,177,335,-126,-883,1188,1636,2171,935,1125,831,287,347,105,-211,-1079,-1408,396,446,1036,295,-35,298,-35,270,-153,-343,-946,-1313,657,1200,906,469,274,131,7,78,-16,233,-379,-882,894,1551,1303,679,695,439,404,298,326,-59,206,-975,1142,1082,1213,834,849,441,267,346,194,308,-388,-941,1226,1399,1794,874,934,498,539,624,457,222,64,-667,1279,1211,1269,419,205,224,314,-26,-220,-247,-165,-1144,1159,1188,1091,740,579,140,309,427,118,292,-91,-969,1440,1791,1890,1219,1310,1316,675,1075,-14,459,-21,-359,1807,1502,1882,1439,974,1240,1357,1424,989,1101,888,757,2413,2475,2174,1764,1844,1084,1569,1039,1204,1061,1419,1000,2362,2415,1898,1105,2258,2342,1345,1259,834,220,375,575,390,706,1681,820,997,764,887,1171,882,380,745,762,1119,1873,1968,1246,1662,2244,2070,1928,1250,1049,943,958,1662,1898,2015,1554,1883,1715,1196,1330,1343,788,582,999,1349,1183,1483,6649,5927,-84,2678,5761,5347,7964,3119,4983,10781,15360,19046,16988,10185,18310,16965
"서울특별시","30 - 34세",-894,-1177,-1769,-1553,-2109,-1974,-1679,-1832,-1532,-1411,-1383,-1492,-472,-644,-1180,-1238,-811,-772,-1257,-1519,-1628,-2155,-2273,-2831,-1472,-2101,-2927,-2502,-2161,-2272,-1993,-1871,-1826,-2109,-2940,-2525,-1458,-1734,-2455,-1975,-2017,-1885,-1745,-2038,-1854,-1972,-2262,-2704,-1132,-1637,-2056,-1788,-1508,-1616,-1537,-2092,-2022,-2382,-2340,-2994,-1380,-1955,-2130,-2059,-1620,-2046,-2087,-1626,-1759,-2104,-1979,-3203,-1387,-1920,-1871,-1663,-1627,-1828,-1689,-1623,-1880,-1852,-1709,-2698,-1061,-1661,-2240,-1968,-1972,-2234,-1990,-2306,-2409,-2484,-2241,-2934,-1466,-2173,-2394,-1793,-1880,-1904,-1922,-2122,-1772,-1893,-2008,-2477,-930,-1402,-1429,-879,-982,-1042,-1054,-1462,-1874,-1432,-1931,-2105,-1329,-1549,-1402,-1392,-1647,-1194,-1400,-1512,-1168,-1365,-1602,-1489,-641,-971,-884,-614,-902,-858,-1229,-1300,-1018,-899,-638,-909,-33,-692,-962,-944,-121,-490,-666,-1224,-1373,-1243,-1211,-1835,-1662,-1825,-1669,-1222,-1307,-1464,-1571,-1951,-1784,-1906,-2034,-1704,-1106,-1198,-915,-1065,-1138,-715,-572,-1119,-1129,-1210,-997,-1519,-949,-1070,-1042,-893,-846,-465,-620,-745,-747,-972,-1389,-1406,-1029,-1327,-1272,-18805,-16780,-26699,-24099,-23104,-23948,-21747,-25500,-23804,-16522,-17049,-10863,-10794,-20099,-12683,-11144
"부산광역시","계",-1770,-3291,-3612,-2783,-3218,-3460,-2677,-2513,-2211,-3145,-2656,-3268,-1091,-2098,-2753,-2453,-2678,-2432,-2814,-2399,-2164,-2517,-3086,-3299,-2404,-2090,-3603,-3173,-3164,-1668,-1698,-2134,-1813,-721,-2862,-3136,-1972,-785,-2361,-2641,-836,-23,-2912,-3205,-2604,-2536,-1468,-3520,-1914,-1326,-2067,-2108,-2743,-1968,-744,-1656,-1465,-1652,-1551,-1416,-700,50,-1458,-945,-1939,-2366,-2055,-1843,-912,-1835,-1091,-2616,-1464,339,-2350,-2754,-2521,-815,-1609,-785,-399,4568,-3678,-3624,-1998,-683,-2670,-1052,-434,1168,745,-1737,-2072,-1756,-1431,-1640,-738,-670,-1298,-1031,-1719,-2113,-1930,-1531,-1948,-2487,-2504,-3423,-2008,-1290,-2056,-1944,-2360,-2564,-1971,-747,-1458,-4749,-3545,-3706,-2949,-1278,-2209,-2370,-2509,-2493,-2371,-2040,-1363,-2372,-2034,-2771,-2558,-1677,-1920,-2110,-1833,-1756,-1924,-1897,-1390,-2230,-1682,-2377,-1378,-223,-399,-958,-919,-1900,-1089,-1259,-922,-1328,-1334,-2638,-1772,-974,-1955,-2085,-1525,-1781,-2096,-1713,-121,-1615,-1507,-1759,-613,-474,-1988,-1588,-1121,-726,-1544,-1705,-703,-818,-1026,-1256,-620,336,-1100,-1392,-1195,-1255,-1068,-892,-961,-1199,-1153,-933,-1063,-366,-1004,-34604,-29784,-28466,-24863,-20610,-17710,-15092,-13560,-21392,-28398,-26759,-23354,-14347,-18903,-13562,-11432
"부산광역시","20 - 24세",-257,-323,-449,-211,-276,-287,-338,-268,-225,-217,-142,-237,-192,-339,-388,-217,-316,-306,-152,-253,-207,-177,-198,-234,-187,-109,-402,-264,-306,-200,-138,-233,-144,-148,-247,-52,-192,3,-133,-249,-148,-71,-239,-370,-154,-217,-184,-163,-189,151,-34,-215,-202,-82,-59,-97,-161,-96,-126,-170,-66,181,79,-42,-63,-170,-7,-143,-133,-161,-89,-215,-108,345,-193,-331,-151,2,-105,-71,-35,299,-236,-162,-186,111,-102,-52,-3,119,-2,-32,-119,-34,-121,116,53,64,17,-113,-61,-135,-121,-86,-127,-190,-109,-113,-24,310,-12,-74,-166,-99,-58,9,-100,-344,-166,-110,46,414,60,-48,-122,-76,-144,63,-58,-169,-56,-144,-13,424,265,139,66,-120,-28,-7,62,-201,-17,94,147,689,363,76,264,-51,87,-2,-114,-108,-93,-41,13,509,180,-60,-26,-11,-144,-91,478,-59,3,100,-2,660,2,28,120,93,-109,110,106,47,52,163,254,978,138,-97,38,55,84,190,-38,-76,45,-24,-118,579,268,-3230,-2979,-2430,-2117,-1280,-829,-746,-305,-921,-834,-234,664,1217,892,1270,1547
"부산광역시","25 - 29세",-792,-987,-1325,-961,-1099,-861,-542,-699,-605,-883,-784,-838,-688,-735,-1098,-921,-888,-604,-707,-759,-745,-715,-761,-937,-689,-713,-1422,-860,-710,-533,-434,-629,-505,-455,-717,-865,-702,-823,-1091,-796,-584,-320,-513,-641,-696,-605,-358,-774,-628,-867,-916,-729,-624,-529,-424,-414,-400,-534,-633,-700,-453,-617,-759,-510,-511,-435,-457,-439,-233,-482,-497,-646,-558,-634,-901,-685,-554,-282,-229,-325,-409,132,-468,-515,-693,-578,-686,-345,-274,-77,-130,-374,-264,-376,-321,-453,-424,-548,-459,-325,-365,-339,-291,-353,-324,-500,-441,-561,-434,-439,-488,-356,-320,-393,-169,-218,-258,-510,-571,-652,-760,-548,-630,-551,-417,-520,-450,-433,-395,-487,-560,-767,-682,-698,-593,-444,-533,-463,-563,-347,-436,-519,-523,-614,-445,-452,-394,-416,-292,-363,-378,-422,-305,-383,-471,-794,-662,-596,-590,-424,-404,-434,-591,-476,-181,-391,-384,-547,-482,-696,-643,-505,-301,-220,-413,-588,-354,-414,-397,-534,-583,-589,-708,-466,-371,-344,-412,-458,-488,-426,-341,-259,-606,-700,-542,-10376,-9558,-8532,-7903,-7398,-6039,-5428,-4571,-4930,-4808,-6518,-6415,-5115,-5680,-5547,-5445
"부산광역시","30 - 34세",-345,-448,-446,-459,-518,-403,-496,-320,-298,-469,-479,-451,-291,-355,-407,-326,-395,-334,-422,-330,-362,-512,-553,-513,-482,-315,-317,-511,-537,-329,-304,-335,-227,-232,-458,-553,-375,-112,-392,-344,-180,68,-478,-478,-443,-464,-295,-608,-430,-291,-409,-373,-462,-433,-180,-193,-267,-397,-494,-424,-385,-170,-246,-97,-376,-497,-378,-270,-234,-333,-363,-493,-363,-154,-374,-389,-516,-210,-188,-85,69,637,-444,-596,-526,-272,-453,-209,-54,174,203,-136,-302,-215,-239,-256,-144,-121,-150,-125,-131,-240,-261,-111,-226,-239,-373,-548,-273,-315,-197,-238,-334,-357,-288,0,-186,-562,-496,-617,-459,-369,-385,-295,-405,-369,-329,-261,-260,-255,-302,-465,-482,-367,-305,-388,-313,-243,-306,-351,-186,-305,-241,-401,-236,-120,-169,-196,-130,-205,-17,-104,-40,-122,-115,-287,-112,-161,-274,-71,-77,-150,-147,-193,-78,-153,-199,-261,-31,-13,-184,-160,-207,-120,-166,-219,-53,-64,-198,-282,-195,-143,-145,-125,-151,-131,-172,-281,-128,-188,-273,-246,-226,-203,-213,-5132,-4800,-4600,-4101,-4353,-3842,-2613,-2285,-2669,-3863,-4154,-3888,-1741,-1876,-1697,-2178
"대구광역시","계",-24,-246,-2881,-1136,-973,-1269,-977,-645,-583,-1125,-534,-2345,216,111,-1673,-1284,-1602,-1101,-1020,-776,-588,-659,-1121,-3165,-92,-663,-2621,-2013,-1483,158,-774,-656,-262,-766,-1000,-1668,-289,-510,-1815,-1278,-807,-901,-843,-576,-1253,-1117,-1112,-2246,577,-499,-1539,-1069,-1029,-763,-729,-206,-779,-1127,-428,-2973,-1324,-959,-805,-323,-511,-1879,-744,-891,-344,-743,-753,-2075,-276,-1544,-450,-1597,-1917,-819,-1400,-1701,-6094,1019,349,-1096,-1220,-655,-1379,-990,-398,-1388,-968,-894,-696,-1415,-949,-1988,-487,-1788,-1014,-933,-1191,-868,-489,80,-396,-653,-264,-1257,-97,-467,-1178,-637,-986,-615,-735,-1878,-1861,-1193,-875,-1414,-664,-843,-1419,-1159,-1436,-451,-944,-1584,-1007,-1381,-1196,-2158,-1213,-2266,-2425,-1724,-1914,-1780,-1788,-1925,-1481,-1764,-1924,-3469,-1325,-3422,984,-1719,-2267,-967,112,371,-1192,-2351,-1963,-3096,-2139,-2502,-2877,-2291,-2391,-2154,-1749,-1882,-646,-1695,-1806,-2187,-1165,-2294,368,-844,-1399,-938,-900,-1245,-669,-492,-667,-1274,-241,-1701,-1247,-703,-371,-175,-221,55,-230,-71,-111,-314,-316,-1232,-1483,-12738,-12662,-11840,-12747,-10564,-11351,-15526,-12940,-9260,-11936,-14242,-23673,-16835,-24319,-11519,-5288
"대구광역시","20 - 24세",-166,-226,-346,-188,-183,-183,-154,-181,-182,-236,-174,-420,-63,-126,-370,-227,-413,-148,-149,-176,-145,-165,-173,-464,-130,-259,-480,-274,-234,-114,-135,-309,-153,-184,-215,-365,-145,-242,-377,-305,-255,-148,-240,-183,-257,-209,-267,-287,56,-258,-358,-285,-217,-139,-151,-262,-142,-128,-158,-444,-297,-269,-381,-199,-176,-223,-260,-281,-167,-173,-226,-470,-57,-408,-325,-288,-215,-133,-162,-214,-596,-87,-109,-501,-207,-311,-362,-232,-122,-242,-250,-174,-160,-248,-208,-320,-201,-296,-128,-169,-155,-167,-18,-108,-182,-169,-241,-343,-88,-160,-255,-135,-158,-198,-166,-318,-286,-120,-212,-297,-126,-153,-383,-156,-236,-128,-140,-273,-209,-251,-227,-359,-227,-391,-456,-257,-195,-196,-232,-316,-344,-318,-326,-491,-233,-515,332,39,-163,-65,132,229,12,-346,-216,-431,-184,-316,-473,-315,-393,-270,-302,-399,-9,-320,-340,-495,-223,-498,1128,-63,-257,-267,-285,-466,-214,-222,-125,-217,-218,-627,-390,-238,-240,-154,-170,-217,-260,-172,-127,-229,-235,-657,-465,-2639,-2619,-2852,-2915,-2486,-3122,-3095,-2836,-2177,-2393,-2641,-3749,-1225,-3816,-1709,-3088
"대구광역시","25 - 29세",-390,-593,-788,-407,-424,-529,-273,-347,-373,-432,-238,-940,-264,-367,-574,-513,-530,-281,-398,-264,-317,-299,-366,-824,-245,-249,-731,-631,-299,-210,-259,-268,-219,-275,-431,-496,-268,-387,-559,-490,-330,-236,-131,-223,-421,-346,-462,-556,-145,-418,-532,-391,-304,-377,-209,-303,-276,-351,-333,-862,-421,-348,-582,-364,-165,-207,-223,-296,-219,-158,-295,-614,-270,-461,-373,-402,-310,-175,-229,-279,-705,-151,-189,-512,-275,-175,-512,-263,-139,-353,-165,-156,-118,-231,-277,-551,-335,-438,-255,-92,-277,-182,-145,-50,-115,-178,-207,-362,-67,-219,-337,-153,-211,-133,-133,-242,-203,-167,-313,-416,-169,-153,-294,-307,-226,-165,-201,-330,-214,-405,-339,-596,-338,-577,-679,-370,-371,-253,-350,-365,-313,-470,-543,-874,-302,-730,16,-501,-428,-242,52,201,-273,-360,-467,-951,-443,-583,-508,-407,-388,-366,-395,-445,-113,-444,-453,-663,-443,-578,-471,-340,-392,-309,-351,-456,-330,-326,-383,-445,-359,-623,-433,-259,-372,-259,-218,-286,-223,-275,-288,-354,-378,-352,-529,-5734,-4997,-4313,-4409,-4501,-3892,-4056,-3215,-2636,-2594,-3399,-5503,-3985,-5208,-4824,-4000
"대구광역시","30 - 34세",-167,-45,-232,-46,-55,-132,-135,-77,-101,-57,-40,-231,42,76,-70,-115,-87,-99,-49,-148,-44,-115,-128,-384,-114,-110,-123,-240,-181,138,-95,-43,-28,-146,-194,-226,-110,-30,-87,-47,-106,-107,-95,9,-89,-131,-180,-282,56,33,-51,-28,-153,4,-111,19,-90,-208,-226,-426,-89,-109,-62,-8,49,-112,-20,-121,17,-91,-119,-354,-2,-89,51,-82,-166,-140,-232,-201,-738,125,4,-150,-112,31,5,-74,116,-63,-82,-15,-75,-183,-185,-269,-43,-131,-60,-44,-135,-2,42,134,34,-98,2,-147,-61,79,-39,16,-167,28,-40,-82,-183,-104,-48,-83,-26,69,52,1,15,17,-19,-53,-67,-86,-150,-167,-55,-181,-120,-153,-131,-127,-108,-99,-178,-164,-199,-392,-107,-281,-50,-225,-204,-97,90,80,-101,-274,-211,-296,-160,-200,-206,-170,-153,-224,-86,-159,-14,-109,-172,-140,-33,-114,-111,-50,-146,-22,-32,-48,-25,-127,0,-128,-57,-99,10,-19,-2,14,40,61,17,13,-30,37,-47,33,-95,-1318,-1121,-1362,-1255,-1181,-1019,-1620,-906,-448,-684,-414,-1907,-1676,-1793,-836,-32
"인천광역시","계",1801,1565,2452,2446,1550,1924,636,-625,-592,-1499,-757,518,-718,-1350,-681,-179,293,-52,26,331,1048,1270,1362,748,1037,841,123,219,349,190,301,-30,-211,-188,197,784,1657,2393,2342,2222,2091,2845,2341,2888,2313,3170,3107,1440,1784,2715,1963,2541,1979,1628,1922,2937,2032,2870,2914,2509,1629,1927,1843,2197,1536,1609,1958,1284,1523,2207,2383,1939,1213,1680,641,1485,1223,-141,522,9,465,837,915,475,1309,367,643,712,539,1016,1230,1112,884,776,631,319,546,411,215,1330,651,351,785,666,607,388,-8,-165,195,-350,-15,54,159,201,127,-517,-1381,128,-281,10,1883,415,-780,518,154,94,-645,-1114,-646,-285,16,323,918,-395,-98,-302,5,-473,-653,-580,-167,-204,13,-401,-913,-1275,-2391,-1951,-1106,-2912,-1855,-2381,-1336,-270,65,577,-469,-806,-176,-132,227,131,1012,944,3231,3294,1616,2551,926,2007,2360,1289,2203,2011,3628,3341,2410,2506,2635,2785,2395,2569,2839,2038,1991,882,2906,3834,2917,3002,3901,4233,3373,3071,3237,9419,2098,3612,28809,27794,22035,9324,9538,5777,-1670,-67,-2337,-15748,11423,28101,33507
"인천광역시","20 - 24세",204,214,176,202,100,61,127,-26,16,0,19,207,-78,-31,-88,-3,57,-10,56,30,53,90,89,56,122,106,-28,69,199,96,72,55,-121,16,-28,109,141,84,42,142,199,173,160,144,38,154,161,29,274,417,40,206,151,99,233,143,71,173,240,189,241,200,43,241,149,223,212,180,12,122,132,163,254,153,134,-59,38,93,199,97,77,-33,82,-33,199,102,-18,66,-82,116,164,147,93,82,57,-14,230,153,161,193,154,176,210,185,126,91,-47,-53,151,145,53,-30,140,102,135,35,14,82,72,221,499,159,-62,175,230,99,95,-10,-95,123,86,123,322,148,83,141,93,-11,158,79,134,284,59,94,200,74,-169,2,-11,-356,-96,-164,-62,223,1,105,52,-154,13,-63,-78,-91,-124,-169,314,243,186,390,89,-144,199,94,191,63,88,-191,156,174,151,83,36,-186,34,4,73,-19,35,141,165,350,233,412,275,-117,175,1300,221,667,1467,2236,1918,1002,912,1579,1120,1422,1584,-253,519,953,1278
"인천광역시","25 - 29세",252,300,424,497,349,387,153,66,109,31,-18,546,-64,-92,15,4,71,34,55,-50,81,183,188,364,77,-30,109,109,-5,32,7,-39,-68,-43,100,-16,108,124,341,238,148,244,275,246,244,270,209,20,212,254,293,311,277,211,225,224,170,418,258,219,222,244,228,314,213,145,143,26,153,325,192,125,75,149,106,181,139,10,132,45,-7,60,-19,-119,56,-45,69,123,7,68,121,189,16,-30,-97,-249,-68,48,80,99,121,94,134,88,57,1,-117,-42,-55,-45,207,-17,47,132,28,13,-106,76,-41,-1,177,68,17,-24,21,123,-11,-145,-20,-57,-29,88,8,-8,209,-140,-57,-53,-154,-65,-39,12,2,-53,-141,-78,-351,-207,-100,-432,-355,-379,-218,-138,-91,171,-86,-291,-364,12,-49,14,93,-82,354,372,130,484,113,155,173,119,278,157,279,141,245,87,121,72,87,289,326,95,201,47,247,336,46,159,288,258,301,532,396,3096,789,233,2467,3072,2330,752,228,495,238,208,-338,-2319,587,1940,2379
"인천광역시","30 - 34세",374,258,569,499,391,449,299,3,22,-149,48,136,-6,-119,-59,9,38,37,7,214,144,292,299,175,150,108,84,58,81,-24,151,67,46,-16,4,155,277,335,431,392,277,491,378,566,506,675,683,351,203,326,460,489,345,356,265,520,509,467,526,436,299,291,483,408,300,268,405,276,326,487,464,378,112,246,240,274,253,90,51,-35,149,279,238,1,98,74,159,210,246,166,222,177,205,136,95,-72,80,-24,96,279,56,-13,173,127,12,33,129,83,31,132,-37,59,39,42,-41,-91,-212,-47,7,11,287,132,-42,-4,-31,74,-36,-160,-66,-128,66,5,89,-45,-92,-135,-65,-44,-179,-37,-68,-58,35,-162,-183,-125,-337,-303,-186,-402,-309,-237,-215,-110,-51,86,-66,-101,14,-53,84,-17,201,191,376,545,248,347,104,384,382,161,381,369,584,498,346,359,290,329,246,339,463,281,261,109,403,414,333,252,422,710,365,465,527,2899,1031,864,5362,4902,4385,1898,1716,1031,-107,97,-761,-2372,1769,4187,4233
"광주광역시","계",497,627,-993,-288,-351,-57,429,483,324,316,63,-603,315,558,-614,85,457,-25,656,723,959,7,205,-218,707,447,-1030,-801,110,1127,814,872,675,840,566,-796,961,1262,-600,-198,170,-254,864,814,-84,38,-157,-1537,1199,591,-349,-779,-787,-653,65,227,142,85,425,-1991,291,197,-457,-98,-111,-397,-21,-64,-134,-221,-277,-1300,73,-675,-1425,-1202,1358,382,649,339,455,-275,98,-2754,492,-79,-266,-379,-900,-700,-703,-1037,-1008,-1535,-79,-3078,153,-1062,-973,-239,17,-410,-198,-493,-464,-870,-875,-2484,126,-1299,-1075,-1012,-510,-433,-316,25,-167,-164,-624,-2669,139,-978,-1287,-1237,-689,-35,309,33,185,-12,-916,-1728,502,-708,-397,-141,-107,-60,330,-168,78,-330,-493,-2381,220,-511,-447,388,-517,-454,-361,-603,-238,-836,-888,-1836,-974,-1174,-1146,-743,-580,-361,-226,-572,744,-324,-181,-346,78,-1488,-1257,-1142,-797,-602,-592,-289,-107,-163,-504,-779,-1015,-786,-1272,-758,-705,-775,-361,-270,-542,-714,-517,-1302,-710,-957,-1042,447,3108,3531,1279,-1825,-2592,-2977,-9272,-7898,-8118,-6216,-3875,-6083,-5883,-7642,-9017
"광주광역시","20 - 24세",-80,8,-148,-29,-66,-72,-1,10,-34,-11,-86,-281,9,-110,-147,-64,-91,-16,-50,-95,46,-113,-93,-256,-47,-112,-294,-153,-81,65,-36,-102,-22,-82,-52,-299,35,-48,-203,-128,3,-142,-37,-110,-106,-25,-100,-284,22,-227,-211,-39,-68,-77,-34,-53,-114,-80,-138,-427,-61,-130,-219,-105,-14,-82,-70,-154,-126,-54,-143,-353,-35,-203,-255,-183,-52,-11,-16,-131,-81,-84,-133,-563,-103,-125,-226,-103,-193,-232,-100,-199,-230,-263,-198,-710,36,-305,-230,-78,-52,-178,-102,-162,-68,-149,-203,-486,-90,-281,-302,-132,-99,-152,-108,-81,-177,-118,-193,-570,4,-193,-271,-134,-87,-95,-95,-70,-64,-112,-171,-416,53,-156,-187,-77,-65,-131,4,-80,-23,-136,-112,-627,73,-178,-210,37,37,-159,-115,-212,82,-131,-139,-344,-92,-214,-227,-137,-92,-100,-106,-240,224,-57,-177,-117,125,-356,-385,-269,-193,-249,-143,-100,-93,-17,-29,-108,-96,-281,-366,-131,-107,-98,-108,-44,-179,-145,-102,-206,-55,-284,-378,-790,-980,-1215,-1145,-1446,-1511,-1747,-2682,-1977,-2303,-1704,-1537,-1259,-1335,-1817,-1863
"광주광역시","25 - 29세",-29,-113,-195,-130,-149,-63,141,-59,-48,-18,-130,-513,-78,-105,-145,-87,-47,-114,183,6,64,-12,-47,-307,-9,-52,-263,-194,-85,-6,51,2,33,63,-71,-424,20,-9,-101,-125,-34,-46,126,-21,-73,-114,-108,-350,-10,-72,-73,-159,-184,-51,-1,9,-110,-137,-130,-598,11,-19,-94,-130,-109,-61,-78,-61,-80,-70,-137,-384,-60,-210,-375,-246,8,-43,26,-35,-19,-96,-111,-585,-69,-132,-195,-24,-79,-84,-53,-217,-103,-249,-255,-623,-50,-200,-157,-10,78,-77,33,5,-74,-203,-214,-525,-46,-243,-208,-123,-94,-51,-38,-88,-41,-122,-201,-540,-212,-243,-240,-180,-52,-100,78,35,-78,-25,-138,-502,49,-93,-111,-100,2,-7,100,28,-33,-97,-234,-555,35,-151,-238,35,-134,-119,19,3,-55,-185,-197,-433,-95,-202,-218,-106,-164,-60,-43,-94,191,-78,-163,-277,26,-279,-270,-216,-169,-153,-118,-194,-63,-128,-251,-318,-325,-123,-278,-128,-210,-185,-139,-113,-225,-170,-230,-377,-186,-243,-235,-1306,-689,-955,-835,-1516,-1212,-1746,-2083,-1394,-1795,-1657,-1051,-1420,-1309,-2133,-2503
"광주광역시","30 - 34세",27,92,-26,8,36,-15,-11,60,126,62,-36,-33,3,100,-14,91,86,33,189,70,172,71,-24,-19,107,115,24,-78,28,167,117,144,74,118,88,-107,130,169,-22,43,84,91,119,188,-3,-14,39,-185,74,25,-21,-6,-81,-96,-67,-14,77,58,-22,-255,-17,31,89,29,65,-29,-79,54,0,-12,9,-237,-25,-172,-108,-75,121,157,50,138,92,59,7,-377,51,22,-63,93,-122,-33,-162,-118,-127,-179,-67,-405,-37,-108,-89,0,44,26,-15,-36,-135,-131,-157,-301,3,-151,-76,-69,5,-56,-84,23,-16,3,-48,-251,-39,-124,-45,-130,-23,18,81,39,3,53,-52,-153,78,16,23,-36,-37,19,78,18,-4,-89,-81,-217,-81,-37,-35,21,14,21,45,-21,-5,-59,-49,-164,-42,-48,15,-26,7,8,37,-13,80,41,23,-30,46,-69,-30,-28,-16,10,-27,-5,32,-21,-83,-116,-161,-72,-147,-121,-132,-117,-102,-46,-79,-105,-108,-166,-141,-62,-35,290,758,797,639,-328,-97,-133,-1110,-939,-717,-372,-232,-350,52,-307,-1356
"대전광역시","계",-422,-191,-895,-481,-668,-699,46,250,-817,-432,-304,-997,-50,-545,-675,-457,-506,-503,-379,654,-402,-601,-568,-1726,-542,85,93,-555,-105,-522,1,508,-10,189,415,-602,183,738,104,46,502,275,-106,206,330,624,449,-7,1140,686,191,291,375,249,-732,-1134,-68,-3,224,-720,606,520,-111,78,-26,53,-229,34,-173,360,102,-903,38,145,-7,-325,-644,-353,42,-722,-1147,-1485,-1559,-2821,-1103,-2499,-2079,-1405,-1432,-1497,-1163,-1787,-1329,-1716,-1765,-2841,-1161,-840,-1146,-803,-963,-931,-478,-678,-516,-929,-806,-1380,-333,-906,-2037,-1104,-2202,-1738,-920,-920,-742,-1239,-1751,-2283,-1044,-2319,-1828,-1746,-1196,-574,-99,-919,-797,-1232,-1106,-1893,-1308,-1284,-1193,-1230,-1255,-1549,-1343,-1315,-1009,-1242,-1556,-2058,-714,-1059,-1323,-230,230,-894,-833,-865,-400,-1494,-1568,-1947,-537,-1234,-1274,-828,-517,-1126,-848,-608,401,-815,-399,-1146,-854,-340,-577,-324,-318,-487,-217,424,-185,310,44,-472,-86,122,-324,-274,63,-98,-234,38,-98,-411,-455,-717,-530,137,338,-5610,-5758,-1045,3344,499,311,-8838,-20616,-10631,-16175,-14753,-16342,-11097,-8931,-2996,-2474
"대전광역시","20 - 24세",18,81,-8,11,-19,-36,-13,-50,-94,-12,-73,-134,-9,-5,-189,-4,-66,-50,4,-36,-89,-106,-67,-59,6,32,109,-12,18,-33,-103,-69,1,9,-15,-139,56,74,25,-49,39,-22,-61,-46,-92,10,1,-36,-35,200,100,-41,31,1,-10,-37,-70,-38,39,-109,4,219,102,22,68,-7,12,-12,-48,-14,-45,-162,-17,78,160,-96,-111,-47,-75,-49,-66,-104,-184,-327,-14,107,21,-81,-100,-224,-98,-19,-104,-140,-226,-326,-17,229,-25,-46,9,-100,-80,57,-50,-95,-95,-239,19,200,-23,-32,-53,-168,20,106,-75,-164,-93,-324,-31,115,-128,-58,-34,88,70,88,35,-125,-71,-150,70,144,6,3,36,-122,15,16,-60,-106,-166,-161,74,229,-188,73,159,35,59,50,43,-69,-19,-106,97,160,-25,-5,68,2,-32,8,609,77,109,-132,-91,207,-19,24,111,-47,33,257,132,226,45,78,198,417,341,-35,192,98,24,264,89,24,-35,-49,10,556,434,-329,-676,-196,-101,31,139,-838,-1204,-452,-587,-201,-325,340,936,956,1528
"대전광역시","25 - 29세",-292,-212,-260,-118,-210,-180,-94,-120,-229,-188,-210,-272,-147,-102,-97,-95,-181,-145,-56,-83,-58,-179,-119,-320,-72,-163,-187,-95,-86,-131,-24,-42,80,-13,-65,-143,29,-92,47,5,93,60,-65,-45,-44,38,-111,-187,-38,-54,-52,54,14,-17,-80,-49,17,-13,-96,-310,-58,-97,-7,-85,19,13,-29,17,-110,-1,-125,-275,9,-49,4,25,-121,14,104,-46,-75,-125,-160,-410,-6,-91,-117,-85,-8,-23,-95,-59,-107,-19,-305,-349,14,80,-113,-34,-58,6,42,-16,18,-80,-181,-176,-17,58,-119,-37,-87,-129,25,-49,-81,-154,-213,-294,-44,-222,-194,-214,-137,58,49,-7,-52,-189,-235,-257,-108,-94,-90,-116,-194,-95,-10,-156,-132,-211,-249,-198,-4,-98,-197,-61,136,-60,-101,8,-17,-147,-104,-336,-65,-52,-142,-67,-17,-180,-52,27,307,-141,-100,-152,-157,31,-169,-48,66,-50,126,120,-37,82,0,-111,-79,-47,0,39,25,-42,-26,54,-1,-149,-76,-53,-8,-223,-20,-2385,-1582,-941,-272,-624,-738,-830,-1264,-498,-1097,-1444,-1653,-981,-634,-147,-355
"대전광역시","30 - 34세",-40,-128,-154,-17,-38,-129,-14,80,-39,-47,-49,-136,108,-27,-35,-34,11,32,-16,114,-77,-27,-127,-283,38,38,34,-31,59,6,73,270,32,71,29,-56,79,159,97,79,126,91,54,138,81,87,-7,81,338,162,140,68,49,95,-72,-50,-48,0,-43,-94,142,108,4,34,24,54,26,-36,-3,125,77,-32,191,53,-83,-11,7,-40,104,9,-178,-152,-231,-401,15,-229,-202,-125,-191,-147,-63,-213,-192,-267,-224,-361,49,-111,-87,-52,-90,-36,27,-49,-77,-80,-101,-87,197,-98,-271,2,-230,-176,-68,-88,-159,-171,-320,-262,-51,-293,-246,-211,-94,-113,52,-119,-187,-206,-143,-321,-122,-239,-199,-139,-249,-154,-206,-149,-183,-86,-178,-301,-83,-100,-130,2,9,-115,4,-119,-56,-110,-205,-230,89,-88,-100,-84,10,-86,-59,-90,-43,4,-31,-16,-16,-24,-61,-46,31,-116,-33,48,-96,-53,61,-13,-68,-86,-127,8,-6,-49,-6,-22,-19,-10,35,-127,-67,-80,-51,-711,-361,563,1065,545,523,-732,-2199,-694,-1644,-1932,-2205,-1133,-494,-318,-477
"울산광역시","계",668,582,175,462,311,323,281,285,94,534,76,115,-4,-934,-635,-149,-212,-179,-377,-640,-647,-357,-304,-593,-356,-1124,-1145,-340,-17,-204,-206,-534,-345,115,251,380,416,-295,-19,52,-89,665,6,-34,326,663,168,13,443,-57,305,1002,362,-255,-66,308,329,762,769,104,211,-230,1040,-75,71,191,175,899,-426,-48,412,87,154,-185,-10,324,374,167,42,158,149,5,1982,-374,273,-428,564,140,-397,-464,-115,-242,-233,1477,456,-1111,-456,-947,-737,-619,-452,-536,-583,-593,-648,-368,-724,-959,-1073,-2073,-1503,-773,-1021,-789,-963,-1486,-957,-261,-583,-435,-747,-1547,-1371,-1061,-986,-1319,-1015,-1180,-859,-834,-872,-863,-1065,-1245,-1186,-816,-872,-594,-615,-764,-633,-704,-635,-1043,-1135,-1470,-1319,-648,-1062,-1065,-943,-1245,-1138,-873,-1292,-1394,-744,-2484,-2232,-1140,-1093,-900,-753,-1365,-1336,-736,-65,-826,-521,-1641,-1294,-638,-609,-868,-896,-1179,-548,-489,-327,-526,-563,-1372,-906,-591,-670,-371,-598,-776,-262,-6,-98,-2,-189,-1142,-786,3906,-5031,-3525,1872,4006,2307,2786,-80,-7622,-11917,-12654,-10172,-13584,-13674,-9536,-6215
"울산광역시","20 - 24세",-25,-93,-106,-10,-23,3,-11,-59,-30,14,-8,-63,-11,-298,-242,-105,-142,-65,-54,-130,-148,-66,-83,-101,-27,-282,-286,-96,-42,-70,-61,-181,-82,-49,-59,-71,-43,-281,-231,-136,-37,-22,-79,-190,-72,-39,6,-99,-6,-394,-229,6,-19,-91,-53,-108,-75,15,28,-64,-69,-306,-175,-40,-54,-67,-55,-89,-86,-29,-14,16,-53,-317,-147,-40,-16,-6,-10,-108,-108,-22,92,-94,-89,-275,-201,-76,-111,-111,-78,-139,-69,17,35,-127,-110,-337,-271,-115,-105,-94,-112,-196,-152,-142,-65,-146,-109,-524,-348,-119,-173,-112,-159,-328,-201,-102,-153,-140,-211,-401,-361,-242,-226,-215,-169,-331,-168,-165,-171,-177,-280,-453,-414,-255,-247,-179,-150,-299,-183,-157,-181,-275,-277,-453,-485,-263,-267,-235,-228,-349,-244,-117,-242,-366,-158,-510,-567,-174,-197,-149,-156,-395,-422,-139,-17,-124,-35,-379,-475,-146,-146,-247,-301,-517,-227,-161,-137,-138,-169,-568,-328,-168,-285,-123,-166,-259,-221,-40,-73,1,8,-380,-284,-411,-1445,-1306,-1223,-990,-968,-829,-1224,-1845,-2468,-2837,-3073,-3526,-3008,-2909,-2399
"울산광역시","25 - 29세",226,204,339,176,95,152,124,126,107,163,87,55,93,30,37,78,6,100,-6,-100,-78,-5,-49,-25,-15,-69,-191,-76,-87,-7,-17,-27,-64,37,86,80,88,59,64,80,78,85,93,40,58,126,71,98,181,135,307,166,103,167,92,46,120,144,116,62,94,116,241,80,53,112,161,80,33,122,86,83,59,36,72,80,95,92,106,81,49,89,176,26,126,35,103,-3,29,41,72,1,50,176,134,3,-7,46,-49,-60,-77,-33,-43,-66,-45,-103,-122,-133,-112,-78,-314,-194,-224,-152,-146,-178,-143,-83,-217,-101,-71,-65,-268,-228,-184,-236,-169,-284,-153,-166,-257,-213,-110,-183,-189,-151,-182,-164,-98,-95,-118,-186,-51,-67,-145,-165,-176,-96,-163,-113,-141,-142,-101,-191,-233,-279,45,-165,-195,-137,-166,-177,-120,-268,-217,-199,-78,-153,58,-95,-83,-59,-149,-204,-148,-183,-94,-79,-39,-70,8,-43,-73,-84,-110,-112,-84,-70,90,30,-39,9,123,51,-9,1854,81,-350,940,1639,1261,961,767,-692,-1942,-2294,-1594,-1945,-1830,-1145,-478
"울산광역시","30 - 34세",109,111,95,168,91,119,107,164,101,135,-20,93,18,58,59,86,-26,28,-58,-75,-46,-36,-17,-37,19,-21,-82,27,-8,2,29,20,-1,46,115,169,114,84,157,119,94,126,71,154,177,207,58,76,167,119,180,264,158,124,208,130,155,175,190,165,192,165,264,170,79,73,149,200,34,30,84,123,121,123,120,138,174,132,24,66,124,-19,351,211,215,85,216,122,38,22,24,81,-7,183,94,-47,87,14,34,-84,14,-38,-15,-58,-48,-48,-57,-75,-156,-58,-106,-65,-96,-40,-69,-118,-63,-23,-45,-12,-117,-50,-93,-20,-97,-95,-69,-57,-83,-121,-99,-54,-46,15,13,-69,-82,-3,-36,-72,-28,-81,-92,-86,-57,11,-69,-41,-93,-62,-103,-118,-94,-40,-108,-120,-70,-118,-110,-114,-97,-47,-64,-100,-106,-56,-31,-65,-37,-60,-52,-43,-27,-50,-48,-26,-33,-23,-7,-76,19,47,0,-41,-34,-31,-68,-32,-61,40,80,22,31,-4,-41,1273,-46,315,1437,2035,1563,1565,1026,-274,-851,-955,-567,-894,-978,-482,-59
"세종특별자치시","계",-,-,-,-,-,-,-,-,-,-,-,-,-,-,-,-,-,-,-,-,-,-,-,-,-,-,-,-,-,-,-,-,-,-,-,-,-,-,-,-,-,-,-,-,-,-,-,-,1068,2281,977,303,319,358,2339,3464,1391,1766,1366,1861,773,1299,687,378,460,157,313,526,283,446,533,2841,1635,2110,894,1305,1423,980,1277,2561,3437,4522,5385,7927,5519,7941,5057,3617,3215,3017,4111,4527,3626,4084,3687,4643,4363,4506,3155,1814,2278,2159,1591,2179,1426,2177,1859,2309,1701,2454,3391,2779,4810,3734,2813,2825,2068,2455,2601,3059,2879,4697,2878,3638,2327,2525,2147,2708,2266,2106,1479,1783,2457,3293,2076,1486,1085,1661,2463,1568,1481,2403,2040,1711,1495,1303,746,210,-18,-182,681,810,623,2844,2274,2239,1822,1497,987,721,449,769,1137,769,1045,1509,1044,2336,2311,1869,729,812,970,719,549,468,433,194,376,698,762,629,178,114,113,-41,-45,-316,-68,54,93,217,281,141,125,-,-,-,-,17493,8696,33456,53044,29816,34690,31433,23724,13025,14085,10128,1690
"세종특별자치시","20 - 24세",-,-,-,-,-,-,-,-,-,-,-,-,-,-,-,-,-,-,-,-,-,-,-,-,-,-,-,-,-,-,-,-,-,-,-,-,-,-,-,-,-,-,-,-,-,-,-,-,38,80,50,11,16,15,74,85,47,48,40,178,-13,30,39,39,17,-3,9,22,22,21,62,260,35,114,68,62,54,36,44,98,125,212,294,485,194,276,233,190,165,200,202,188,191,207,191,311,220,196,210,87,108,141,93,82,59,146,121,216,88,129,167,118,274,236,135,96,158,142,115,242,108,191,198,140,98,171,115,189,294,79,105,163,84,140,96,40,43,72,80,20,66,110,106,97,29,4,18,-48,-40,-84,-11,-16,44,158,102,178,101,90,8,42,22,19,24,-3,15,110,72,136,133,125,23,88,30,-12,-2,-45,-34,-62,-2,-19,-37,-26,-55,-9,-67,-57,13,10,-39,20,3,-17,-38,-120,-43,-,-,-,-,682,505,1627,2548,1679,1900,1851,954,334,636,223,-261
"세종특별자치시","25 - 29세",-,-,-,-,-,-,-,-,-,-,-,-,-,-,-,-,-,-,-,-,-,-,-,-,-,-,-,-,-,-,-,-,-,-,-,-,-,-,-,-,-,-,-,-,-,-,-,-,60,72,79,24,6,32,123,102,79,77,49,226,43,24,58,17,44,11,22,17,13,58,63,336,70,123,51,102,68,44,31,120,205,284,381,639,331,241,326,274,224,225,250,284,317,246,335,336,297,236,307,210,197,168,137,149,128,184,188,279,178,86,270,140,344,302,213,115,148,204,220,348,182,306,305,352,306,214,158,262,212,217,173,240,236,239,143,171,146,125,206,196,180,239,195,226,188,84,59,26,31,-14,142,158,133,285,211,334,313,182,165,214,112,188,100,66,48,163,135,311,227,137,194,113,85,104,26,108,107,7,72,207,82,104,72,50,52,39,-2,48,45,34,97,142,8,58,8,-,-,-,-,929,706,2118,3389,2480,2568,2927,2302,1637,1997,1387,763
"세종특별자치시","30 - 34세",-,-,-,-,-,-,-,-,-,-,-,-,-,-,-,-,-,-,-,-,-,-,-,-,-,-,-,-,-,-,-,-,-,-,-,-,-,-,-,-,-,-,-,-,-,-,-,-,126,189,68,33,55,60,295,290,189,205,170,263,70,107,80,32,45,20,33,49,35,64,67,413,183,132,119,149,232,174,167,254,535,637,775,1079,643,671,685,511,390,372,534,518,555,580,520,581,420,424,488,313,290,304,227,226,238,363,244,265,165,158,386,369,548,409,320,382,242,404,442,354,309,467,350,531,323,267,293,310,295,300,161,213,294,383,352,242,192,245,387,190,241,282,282,236,154,104,146,48,69,90,90,160,109,305,251,261,232,202,137,109,105,118,204,145,135,129,181,376,272,172,127,153,114,105,102,85,135,111,90,122,101,120,100,83,63,24,16,-21,33,70,64,120,104,143,129,-,-,-,-,1943,1015,4436,6560,3802,4179,3819,3326,1787,2073,1588,773
"경기도","계",7105,6151,7286,10389,10397,8839,8747,8797,8029,8092,8643,8122,3709,5920,7754,5796,4919,4202,6042,7407,9193,9000,12829,17382,11609,14290,16247,12999,12567,11460,9894,10402,7989,9823,11967,13190,8220,6922,7354,5539,6272,3441,6328,6790,4393,3350,6007,11183,5317,6726,5418,6416,7047,6118,6388,7775,5340,5572,5333,15303,8070,7502,5497,5492,6727,6169,8319,6320,3987,2900,3461,9687,6246,5359,4584,4520,3950,8760,7146,5181,3578,2288,1046,4738,3447,4235,8803,6922,7519,7136,7013,9781,9125,9392,8553,12842,9190,9794,9264,7554,10377,10215,13224,15118,11058,12836,11874,13113,8145,8902,9832,6299,7106,6047,8009,10764,13923,10472,13699,12964,14107,15542,14921,12780,13814,13605,14907,16238,11836,14880,13541,13923,11183,11420,9363,10213,13339,11594,14121,15703,11149,9319,7252,10010,9341,13798,21855,20454,11298,12668,11290,17145,15208,10985,11700,12631,21144,20813,15135,12600,9322,10603,10591,15924,10251,6525,8569,9040,5525,2176,2188,3588,3719,3896,2228,2150,3049,4619,3842,6902,6538,4738,2315,3960,4427,6244,3499,2090,1238,3129,2922,3512,4954,4972,3226,100597,94153,142437,75799,82753,74131,57396,94768,133617,116162,170094,134666,168373,150517,43882,44612
"경기도","20 - 24세",1271,866,1020,1210,829,657,735,723,767,937,833,1473,591,1230,1817,654,530,410,432,716,992,768,868,2052,1164,1251,1904,1143,1257,1048,807,1150,782,1094,905,1754,831,754,987,567,494,359,469,413,523,452,305,1385,724,818,737,589,539,498,462,666,565,611,271,2117,737,620,669,325,451,495,715,511,389,203,52,1286,539,531,538,761,409,600,536,451,357,352,-140,424,590,439,621,614,490,252,476,734,573,642,352,1875,1082,802,1056,492,806,573,1059,832,776,823,960,1659,815,209,661,241,393,234,653,583,729,731,901,1131,1215,737,837,577,768,870,852,580,387,879,405,695,808,465,438,836,1147,1405,1201,1087,1116,987,768,1283,1459,1339,3421,2853,1311,1582,1268,1531,1475,714,1307,1116,2734,2703,2340,1274,921,778,1208,1565,1458,603,266,303,238,-201,-110,259,50,415,337,-312,112,263,245,537,860,-93,-79,305,245,676,357,84,-66,224,65,566,1070,200,-522,11321,11060,14259,7539,8597,6453,5358,7658,10920,7281,8802,11541,19376,16153,1833,3144
"경기도","25 - 29세",1263,1220,2151,2177,2013,1458,822,1105,1173,1599,2047,3105,678,1418,1455,1535,1225,1096,1078,1373,1558,1498,2137,3413,1934,2104,3565,2675,2113,2121,1651,1517,1277,2038,2243,3323,1395,1426,2006,1490,1421,742,751,1166,1028,768,1313,2765,984,1497,1121,1184,1001,770,785,1166,982,1085,1497,3379,1405,1235,1394,910,738,597,1062,1060,823,642,977,2133,882,1230,1415,1045,759,877,543,763,798,587,551,1653,821,981,1467,1201,920,522,539,1024,830,1074,1231,2359,1114,1341,1540,934,1070,1020,1011,1123,1174,1380,1568,2291,977,1072,1688,608,770,321,876,861,1554,903,1700,1945,1534,1325,1966,1458,1370,1122,1120,1157,1036,1573,1195,1737,1426,1501,1384,1068,1544,1260,1109,1436,1324,1241,672,1275,1122,1608,3265,3106,884,928,985,1468,1648,1281,1799,1721,2657,2816,1642,1134,849,913,913,1771,1601,1015,884,1237,655,536,162,660,344,128,-123,25,415,749,620,920,439,668,439,219,122,156,137,87,269,568,461,340,714,1105,641,20133,18464,26561,16271,15451,12976,11103,12969,15566,13275,16593,15240,19815,17432,5091,3905
"경기도","30 - 34세",1055,853,1150,1475,1846,1369,1468,1653,1330,1479,1448,1415,704,891,863,1171,922,942,1428,1362,1498,1687,2044,2826,1728,2260,2819,2581,2185,2091,1697,1512,1489,1908,2723,2383,1353,1136,1550,1320,1214,896,931,896,866,1045,1516,2207,928,1108,1184,1349,1275,1238,904,1410,1279,1662,2033,2806,1409,1541,1339,1499,1413,1565,1390,1231,1371,1392,1102,2421,1480,1713,1246,1066,905,1411,1279,1160,1192,845,763,1704,759,1056,1729,1250,1310,1219,947,1541,1702,1962,1856,2225,1278,1699,1763,1373,1514,1547,1709,1941,1809,2111,1917,2182,1252,1529,1598,877,1038,967,1064,1559,2251,1549,2227,2234,1944,2031,2132,2087,2165,1704,1732,2212,1775,2249,2120,2214,1500,1894,1556,1603,1815,1417,1926,2205,1648,1506,1142,1796,1196,1915,2835,2588,1200,1541,1235,2113,2188,1709,1618,2305,2469,2739,2166,1613,1354,1774,1678,2452,1902,1545,1903,1616,1174,937,851,1181,1115,761,415,844,982,1164,833,1535,1121,1110,777,925,808,711,526,595,624,898,1076,1006,922,1308,1118,16541,16338,25376,14930,17176,17673,14764,17556,20843,18145,24365,20008,22443,23211,11792,10177
"강원특별자치도","계",-806,-325,97,128,386,1182,193,-170,223,100,304,-2,-833,-1175,1485,461,19,219,183,108,54,281,327,689,-1261,-1359,1062,-32,-17,-242,-166,955,738,498,540,-161,-1223,-1159,1898,1608,-5,74,525,168,315,769,1048,635,-1228,-1040,2118,405,456,106,254,-239,568,-244,94,-538,-1014,-1158,1501,979,205,259,102,154,522,576,635,225,-1557,-1388,1878,448,275,-289,-368,-341,312,696,493,1926,-802,-744,285,629,1362,1877,523,-142,414,1084,-26,313,-272,-1000,-136,333,-268,772,37,179,600,575,295,777,-1333,-742,-106,-14,37,780,-305,162,401,487,1529,1139,-1620,-1466,134,-518,81,-225,-311,-415,200,21,392,-127,-1028,-1001,255,534,215,273,70,309,290,491,817,436,-497,-535,-672,-595,1150,992,1085,923,640,1111,937,918,-797,-485,-61,540,892,718,922,429,954,1440,1192,937,618,888,830,958,641,494,492,466,1092,483,125,407,-516,-764,226,100,275,92,-94,1,-202,-390,-49,-76,-780,-968,113,1310,1818,555,4653,712,2986,2085,4773,1892,2035,-3854,1661,5457,6681,7494,-1397
"강원특별자치도","20 - 24세",-182,-85,-230,-230,-59,487,-145,-248,-148,-173,62,80,-289,-361,-254,-193,-192,-6,-129,-235,-237,-125,-29,32,-271,-359,-179,-213,-217,-265,-30,596,57,-63,147,-263,-303,-323,285,374,-185,-179,29,105,-48,-60,77,-61,-374,-441,363,71,-75,-98,-158,-242,-34,-156,-37,-368,-506,-604,114,146,-69,4,-249,-167,99,143,153,-136,-675,-721,-30,-109,-256,-238,-391,-299,-75,49,155,1043,-232,-336,-66,7,200,737,120,-369,-49,-14,-126,-291,-604,-771,-531,-206,-305,196,-191,-200,-35,129,-84,-139,-624,-648,-164,-133,-347,175,-241,-164,59,-31,196,73,-699,-591,-308,-235,-224,-162,-340,-338,-77,-98,-128,-181,-481,-616,-323,-71,-266,-215,-363,-322,-86,71,118,-251,-457,-532,-747,-471,-163,-71,8,-159,-156,-32,-40,-186,-464,-531,-585,-228,-174,-124,-218,-163,-222,-12,-86,-132,-221,-345,-270,-163,-206,-162,-223,-203,-13,-94,-99,-126,-361,-446,-247,-112,-36,-130,-116,-139,-124,-149,-54,-188,-436,-326,-17,-871,-2018,-1060,-289,-1549,-1072,-1547,-419,-2741,-1849,-3381,-2805,-3006,-2939,-2125,-2102
"강원특별자치도","25 - 29세",-135,-115,-422,-400,-197,-134,-254,-317,-133,-233,-197,-66,-211,-239,-401,-155,-252,-246,-210,-226,-137,-109,-120,-50,-299,-258,-487,-333,-197,-423,-316,-62,-142,-146,-82,-149,-266,-324,-331,-259,-235,-255,-157,-200,-205,-118,-102,-80,-254,-356,-278,-283,-233,-268,-300,-256,-132,-254,-270,-229,-347,-265,-282,-193,-184,-130,-207,-162,-160,-206,-120,-142,-373,-329,-259,-284,-208,-308,-293,-249,-237,-148,-66,215,-247,-83,-397,-235,18,-50,-261,-337,-117,-88,-141,-74,-204,-346,-343,-308,-318,-141,-350,-250,-40,-132,-146,-105,-345,-432,-396,-210,-239,-146,-437,-251,-190,-106,135,18,-391,-336,-418,-473,-255,-322,-446,-277,-271,-266,-210,-194,-404,-444,-237,-292,-387,-227,-330,-149,-253,-67,-107,51,-297,-292,-376,-349,-73,-156,-148,-48,-181,25,-24,96,-275,-308,-327,-173,-136,-116,-66,-174,-210,44,-9,115,-52,-29,-40,-53,-96,-158,-41,-49,-41,-22,-130,164,-113,-155,-162,-146,-42,-156,-99,-167,-161,-136,-100,-9,-192,-342,-250,-2603,-2356,-2894,-2532,-3113,-2398,-2539,-2012,-2683,-2599,-3859,-2846,-1823,-1635,-547,-1446
"강원특별자치도","30 - 34세",4,38,-71,28,-26,56,-79,-40,24,13,16,9,-15,-117,144,65,-10,6,16,26,57,91,63,164,-59,-65,-15,-23,-62,-6,-78,-25,42,11,63,25,-77,-98,4,-26,45,-60,76,-26,9,28,122,4,-182,-4,-17,-99,-38,1,82,-35,9,-82,13,52,-62,-22,-34,5,-85,-22,60,32,2,-75,52,74,-138,-44,36,15,5,-39,-40,-11,-58,32,-20,57,-77,-49,-120,-70,47,92,56,14,92,91,-46,155,69,50,-38,-57,-68,37,14,46,18,-13,44,91,-93,-19,-72,-75,-4,8,-82,8,-42,32,109,141,-127,-99,-51,-201,-67,-93,-65,-68,-14,-70,59,59,-46,-12,-19,-125,19,37,35,39,7,12,32,97,10,-18,-71,-23,64,19,24,81,-12,74,70,165,-91,-171,48,-124,53,91,88,48,33,118,142,26,59,131,63,6,52,48,18,4,103,-3,-16,96,36,-20,4,-49,-5,10,-45,5,-73,-13,-48,45,-8,-117,-79,-28,490,-192,1,-300,-75,-205,185,193,-89,-737,76,383,261,561,-153
"충청북도","계",-48,543,959,873,946,575,332,594,1033,1027,234,-155,-359,-104,200,552,215,508,217,151,600,637,200,-296,-218,12,4,246,424,918,422,399,516,738,1113,1390,551,696,599,958,612,440,674,771,635,873,1070,200,-110,-248,769,711,367,596,604,218,598,864,106,166,-269,-617,-44,621,401,1112,84,-54,331,889,292,367,-270,-147,-337,1269,186,697,362,319,469,198,-71,-308,-652,-644,232,249,481,1766,-672,-319,-26,191,121,711,-182,-468,304,806,804,302,367,142,305,574,1078,979,12,272,-234,730,-84,23,88,13,159,238,592,453,-259,332,587,426,638,-81,343,63,303,1022,579,1196,156,-177,-37,838,474,-173,-206,137,120,353,387,693,-423,-497,-725,-850,242,1094,563,307,404,895,868,1576,-903,-273,-201,882,954,1150,231,-104,-189,464,586,865,-64,354,1188,610,274,407,351,226,767,405,261,422,-63,-548,1096,323,279,392,623,551,333,509,422,-44,-832,-742,646,6913,2521,5964,8079,4641,3113,2367,1438,5011,2262,5149,2565,3454,3462,5201,3873
"충청북도","20 - 24세",-215,-182,-103,-59,-41,-162,-60,-7,63,-65,-110,-249,-210,-254,-44,-60,-102,-170,-63,-123,128,5,-93,-125,-151,-197,-202,-104,-88,-66,-86,-130,4,-47,-63,-41,-92,-200,-86,-49,-105,-126,-99,-97,5,122,-28,-231,-180,-266,-17,-117,-79,-68,-63,-133,112,-44,-117,-139,-170,-143,-231,-60,-83,-36,-107,-120,19,192,-102,-135,-241,-229,-235,237,11,-43,-97,-77,24,71,-60,-66,-262,-299,-17,128,9,-38,-205,-164,-53,126,-27,-29,-325,-259,-233,218,8,-174,-202,-100,-130,-73,-101,-59,-239,-289,-271,106,-26,-141,-199,-216,-117,-89,200,-59,-411,-249,-60,-40,-72,-235,-55,-151,-49,7,-104,-43,-192,-377,-226,120,-73,-207,-184,-171,-160,-175,-141,-199,-339,-456,-487,-371,-213,-138,-206,-132,-172,-76,-62,16,-359,-453,-440,-123,-92,-6,-130,-247,-286,-151,-121,-129,-201,-212,109,-56,-214,-137,-151,-111,-57,-2,-41,-104,-200,-310,423,-98,-87,-100,-67,-219,-100,-56,-26,-246,-427,-432,217,-1190,-1111,-1171,-986,-1111,-976,-705,-831,-1430,-1340,-1462,-1985,-2636,-2537,-1177,-1086
"충청북도","25 - 29세",-265,-4,-101,99,28,15,-54,-103,56,-12,-102,-83,-151,-137,-185,-168,-82,-31,-29,-163,-127,-12,-85,-134,-110,-175,-56,-107,-44,51,-45,-64,-42,-21,86,48,-77,10,-169,45,-50,-53,-10,-129,-33,-76,3,-35,-190,-160,-57,-17,-39,-27,-57,-36,-67,-97,-31,-68,-240,-102,-141,-123,-112,51,-31,-45,-86,-83,18,-21,-131,-142,-278,7,-175,60,15,-56,27,-64,-22,-117,-162,23,-53,-118,-52,71,-2,-27,-118,73,-13,3,-185,-79,-106,-34,-65,-31,-27,-72,-64,-72,48,-20,-114,62,-229,6,-22,-84,-165,-49,-89,-42,-44,-107,-255,-1,-23,31,-71,-87,76,-28,11,81,-15,94,-109,-114,-145,-25,-58,-107,-131,-66,-115,9,12,43,-59,-101,-138,-261,-32,67,30,-47,-41,109,90,178,-116,-90,-67,109,-30,127,-30,-61,-61,72,68,26,59,12,157,-6,48,-47,138,7,113,-29,-71,24,45,-47,-38,39,4,-65,127,50,-9,46,47,8,-156,-78,-36,-526,-1304,-479,-574,-846,-915,-876,-375,-707,-877,-187,-806,-205,-53,405,207
"충청북도","30 - 34세",58,88,152,-12,137,77,53,124,136,97,7,49,-61,83,20,96,51,105,-8,-29,64,50,13,10,-16,-18,41,2,19,178,80,56,47,19,195,153,97,202,128,94,68,71,79,147,95,46,103,46,16,39,16,54,28,87,46,50,69,90,14,109,23,-161,14,63,36,142,15,-13,-33,62,39,121,-83,-27,18,115,-8,29,76,57,28,24,-58,-89,-146,-20,-114,-34,25,162,-55,-12,-61,12,17,44,11,-49,25,-34,30,70,69,-2,-7,-17,85,124,-53,86,65,-60,-40,29,-27,-51,-65,-15,-38,13,-19,73,78,21,-2,17,42,8,-18,58,17,144,82,8,-72,-46,21,-20,-42,2,-40,-1,53,82,-52,-85,-22,-60,-8,61,33,-48,14,17,140,120,-48,19,-17,100,31,149,-17,-14,-5,11,-25,-36,4,36,88,-8,15,19,31,67,15,-57,6,5,-30,-12,66,15,33,51,117,160,75,44,113,-26,-65,-35,-54,966,394,756,1176,618,308,82,-182,305,-156,419,27,110,148,221,606
"충청남도","계",1625,1561,2153,88,1636,2319,795,736,784,697,777,2358,39,-226,286,921,737,1107,1024,478,1372,2157,2334,1886,745,678,2808,2190,1409,1078,1069,708,1113,1256,1779,1345,129,825,2897,1907,1873,1368,1457,1256,1417,1612,1508,2392,232,293,814,1476,1106,1118,705,-9,471,1128,1075,1440,440,1165,950,1482,1269,1315,903,1032,1257,1679,1080,803,424,877,1794,1508,1824,694,396,41,-68,467,832,1021,489,-556,818,993,923,908,179,1793,493,529,1281,2422,609,1093,784,813,1235,1387,518,1237,1291,1506,2087,2758,630,2411,2317,1947,1472,1754,1505,2010,1449,1280,1312,1314,1070,655,1334,1166,883,608,251,813,362,836,1003,1103,-279,-483,530,172,-110,331,-457,-92,-79,-52,-66,-209,-944,-1114,-1007,-1069,226,1560,1034,24,178,274,650,929,-729,-147,1190,1180,1253,956,1034,289,131,1386,1374,605,-118,882,1125,1381,1151,1114,1252,1054,1412,1756,1769,1536,683,1462,1644,1277,1154,1233,823,1219,1108,1902,1909,1426,1258,1502,2176,15529,12115,16178,18641,9849,13375,9810,10272,15318,19401,10084,-794,741,8522,14314,15840
"충청남도","20 - 24세",-470,-503,-276,-484,-180,-148,-68,-154,-7,-117,-81,270,-184,-443,-376,-85,-142,5,-231,-316,-53,80,134,12,-251,-204,129,103,-130,-2,-135,-266,36,-50,11,-46,-248,-298,46,7,-37,-77,-178,-208,-105,-83,-27,63,-190,-390,-301,2,-31,-17,-79,-139,-74,-38,-20,172,-172,-345,-126,-47,-30,-83,-115,-69,-62,55,61,-88,-116,-211,-68,10,-69,-155,-161,-143,-106,-79,11,-9,-260,-393,-257,-25,2,24,-139,-56,-88,-75,87,200,-290,-315,-239,-172,-136,61,-127,-186,-60,-26,51,223,-363,-226,-81,-66,-40,29,-88,-107,-54,0,-59,-39,-268,-309,-75,-36,-104,-235,-199,-216,-131,-74,-147,22,-558,-284,-72,-215,-375,-163,-358,-230,-280,-209,-176,-256,-532,-549,-708,-751,-402,-177,-236,-262,-245,-135,-144,-85,-426,-555,-430,-269,-113,-174,-184,-424,-531,-35,-22,-128,-288,-411,-340,-162,-198,-162,-76,-220,-143,-22,-97,-91,-250,-306,-112,-81,-150,-49,-220,-196,-102,-63,-38,-176,-413,-422,41,-2218,-1599,-805,-1145,-1105,-1021,-1096,-980,-1216,-1094,-1772,-3176,-4226,-3291,-2210,-1743
"충청남도","25 - 29세",90,170,112,-286,107,153,79,79,97,81,94,395,60,-86,-1,-22,94,60,126,-102,113,301,320,281,-34,-38,103,93,192,76,94,67,223,163,206,321,-52,3,143,224,153,125,76,121,160,234,224,334,75,59,67,145,85,181,85,2,5,161,195,413,99,81,153,175,112,58,94,139,114,217,135,245,23,132,252,33,220,59,34,-18,42,107,30,335,-50,-52,22,70,70,31,-77,82,120,62,242,700,-15,174,-12,-132,-28,32,-127,97,87,125,236,537,-15,160,91,154,78,186,-12,161,141,74,115,265,39,-60,-9,98,-41,-22,-90,-19,-35,10,140,302,-51,-16,-19,-52,-116,-95,-252,-59,-41,-140,-52,63,-78,-84,-223,-376,-48,39,33,-128,-21,42,57,295,-147,-248,-11,-22,87,53,130,38,-120,139,169,143,36,132,20,92,-60,-12,15,92,53,76,236,188,173,168,132,112,73,116,123,86,-86,122,168,286,229,245,192,1171,1144,1466,1745,1473,1622,1249,1220,974,1398,313,-830,-492,211,868,1473
"충청남도","30 - 34세",277,283,309,84,224,394,90,125,86,58,163,285,-21,125,204,83,140,54,136,121,143,325,374,315,166,191,250,219,187,184,177,148,141,242,346,314,138,102,267,207,266,157,273,233,246,209,229,327,108,136,205,242,97,83,160,66,127,237,152,267,118,306,105,219,166,208,208,153,167,151,118,214,110,135,288,225,270,175,37,80,-22,-83,93,259,135,46,190,79,-13,157,-80,80,-15,-50,125,320,118,173,53,104,130,52,87,83,94,88,200,401,169,377,271,131,171,187,251,184,117,136,79,172,149,125,19,18,67,116,-23,88,50,70,86,131,48,4,50,32,43,-40,-8,-61,57,36,-81,19,8,-83,-130,-126,-18,122,128,-32,10,-40,-18,-5,-134,-40,66,87,77,1,20,45,-6,59,60,53,-55,130,71,99,66,58,61,55,93,165,129,165,116,264,173,50,106,63,90,116,149,158,204,206,196,239,235,2378,1999,2565,2654,1880,2133,1567,974,1583,2245,896,99,-184,288,1037,1695
"전북특별자치도","계",-3880,-1838,-1064,-849,-747,-741,-415,-526,-253,-108,-243,114,-951,-1022,-577,-95,-256,-114,-530,-396,-468,-164,122,-355,-784,-336,-515,345,75,-484,-204,-300,185,-255,110,-285,-591,-731,-183,38,294,1334,358,576,1293,-170,-108,-389,-888,-578,645,-601,-508,-44,-419,-260,-87,-132,-1,-418,-1109,-663,-505,-3,-566,-244,-150,-198,58,-74,674,583,-839,-1042,-180,-44,116,-549,398,405,-326,-357,-16,-129,-528,-446,-813,-58,-124,-456,-417,-469,95,-67,359,94,-1452,-762,-800,-512,-580,158,-264,-382,-476,-572,631,592,-1238,-1167,-940,-573,-549,-686,-749,-811,-441,-575,-465,988,-2290,-1722,-1182,-756,-610,-1259,-1384,-1261,-701,-863,-901,-844,-1664,-1858,-1356,-855,-1120,-780,-943,-975,-714,-606,-634,-1243,-1034,-1569,-1670,-970,-1000,-728,-267,-524,-206,70,-150,-446,-809,-947,-797,-519,260,401,-15,-863,-832,-575,-320,-785,-861,-753,-564,-2,-614,-389,-802,-486,-269,-71,-42,-262,-490,-805,-469,-329,-325,-227,-209,-527,-329,-325,66,-488,-882,-787,-1046,-10550,-4806,-2448,1721,-3291,-2197,-2563,-2830,-4419,-7206,-13773,-12748,-8494,-5801,-5115,-4457
"전북특별자치도","20 - 24세",-621,-490,-485,-409,-323,-256,-286,-266,-275,-241,-166,-271,-252,-526,-505,-237,-300,-276,-202,-252,-248,-170,-105,-187,-277,-235,-429,-234,-248,-267,-250,-360,-174,-259,-159,-252,-282,-358,-335,-233,-161,134,-226,-167,211,-5,-147,-336,-436,-620,-348,-356,-241,-153,-236,-303,-185,-210,-209,-318,-433,-484,-397,-249,-246,-85,-206,-247,-167,-187,-105,-109,-396,-543,-415,-264,-245,-293,-132,-223,-257,-205,-168,-237,-329,-428,-366,-283,-239,-321,-266,-386,-164,-184,-32,-144,-445,-601,-604,-393,-247,-174,-217,-335,-270,-242,-35,-144,-414,-647,-194,-242,-204,-222,-262,-359,-254,-234,-202,-179,-617,-704,-496,-338,-351,-358,-438,-467,-280,-260,-298,-417,-533,-799,-608,-418,-460,-313,-372,-505,-379,-298,-264,-423,-580,-731,-694,-453,-445,-416,-264,-386,-332,-138,-209,-430,-418,-599,-599,-423,-156,-97,-226,-345,-437,-348,-281,-439,-506,-676,-528,-261,-379,-290,-383,-386,-343,-199,-203,-367,-435,-636,-495,-317,-272,-212,-188,-331,-238,-219,-164,-343,-547,-638,-545,-4089,-3260,-3144,-1905,-3615,-2915,-3378,-3142,-3707,-3413,-5024,-5372,-5078,-4368,-4521,-3850
"전북특별자치도","25 - 29세",-561,-461,-576,-530,-389,-365,-124,-210,-180,-234,-160,-227,-251,-342,-487,-242,-225,-173,-150,-215,-192,-234,-161,-338,-263,-239,-514,-310,-247,-296,-138,-192,-166,-261,-209,-319,-258,-313,-409,-305,-176,-63,-137,-132,-63,-202,-235,-286,-326,-389,-306,-349,-290,-194,-245,-303,-279,-257,-293,-408,-442,-437,-412,-267,-375,-249,-192,-242,-164,-337,-187,-207,-314,-371,-393,-247,-300,-306,-184,-195,-254,-283,-159,-349,-299,-373,-401,-287,-285,-213,-196,-212,-92,-205,-208,-261,-358,-433,-465,-299,-328,-175,-96,-189,-234,-262,-198,-206,-326,-389,-495,-292,-338,-264,-233,-293,-215,-283,-293,-222,-406,-431,-525,-337,-289,-357,-388,-313,-264,-369,-354,-413,-485,-459,-434,-362,-373,-274,-312,-320,-268,-250,-262,-518,-331,-402,-468,-308,-410,-271,-203,-272,-268,-226,-280,-355,-321,-300,-261,-277,-59,37,-58,-314,-445,-291,-293,-316,-341,-208,-254,-225,-288,-271,-275,-254,-242,-213,-174,-252,-201,-244,-165,-258,-256,-230,-154,-253,-221,-123,-164,-277,-348,-249,-378,-4017,-3010,-3154,-2579,-3639,-3511,-3355,-3032,-3243,-3643,-4446,-4317,-3794,-2898,-2997,-2546
"전북특별자치도","30 - 34세",-257,-73,-66,-66,-48,-85,-13,-68,-7,86,-11,52,-19,-75,71,62,-28,-47,3,23,-11,-60,1,-37,-95,75,3,93,59,-20,-22,-44,38,-1,-13,38,-27,-97,29,25,48,122,107,37,51,-1,-65,-14,-22,-3,38,-56,-17,3,-48,-2,-21,-87,-83,-110,-133,-57,-67,-97,-197,-41,-12,-16,-12,-44,12,-23,-134,-148,7,-77,-26,-30,-30,22,-109,-35,-83,-126,-161,-14,-114,-1,-22,-83,-59,-25,-38,-59,20,-5,-211,-31,-15,-75,-99,17,-51,-54,-26,-96,41,-96,-156,-133,-167,-42,-118,-95,-102,-134,-67,-81,-127,-29,-299,-217,-65,-80,-138,-150,-156,-91,-140,-183,-159,-136,-186,-169,-121,-93,-168,-59,-154,-90,-119,-85,-106,-115,-83,-108,-240,-133,-115,-13,-48,-111,-30,-44,-79,-138,-72,-88,-97,-11,16,31,-3,-111,-88,-88,-51,-73,-75,-83,-89,-6,-58,-57,-96,-61,-40,-55,-52,-39,-56,-138,-27,-64,-52,-73,-2,-80,-53,-53,-11,-49,-11,-80,-51,-556,-117,111,215,-408,-687,-769,-561,-696,-1251,-1814,-1465,-1142,-635,-711,-658
"전라남도","계",-1984,-2706,-482,-712,-782,-528,-1132,-1192,-1067,-845,-894,-994,-704,-1918,-80,-405,-863,-94,-373,-1102,-1218,1,-402,-267,-1503,-1900,394,180,-246,-1692,-1227,-1972,-684,-1110,-507,206,-1808,-2913,-112,-403,-247,546,-1082,-1411,116,213,476,1403,-1759,-1887,133,-131,124,195,-493,-1011,-466,-237,-230,708,-1605,-1278,32,-204,-131,247,-542,-661,-172,205,965,838,-709,-1100,786,1564,-845,-1222,-1040,-1037,-805,96,647,3069,-1466,-1001,-690,53,134,325,378,553,711,1293,-107,3753,-1948,-1026,-266,-199,-372,-62,-543,-629,-697,86,476,1975,-1264,-1280,-794,405,-181,-431,-189,-1290,-396,-222,151,2444,-2330,-1497,-455,299,-300,-1413,-1313,-1564,-1339,-745,681,1946,-3465,-2559,-1311,-671,-1011,-782,-1315,-1365,-812,-374,1105,3772,-3328,-2067,-2026,-1640,-567,-752,-745,-865,-399,228,633,1774,-311,-207,-510,232,-10,-507,-587,-697,-2078,-100,220,68,541,-239,-499,656,179,-343,-201,-437,-566,-257,385,436,26,-845,16,315,-28,-18,-605,-716,-285,-211,145,406,-453,-1260,-884,-13318,-7425,-10061,-5222,-5054,-2306,-596,3936,-3205,-3047,-8030,-8788,-9754,-4487,-345,-1800
"전라남도","20 - 24세",-624,-742,-748,-550,-391,-393,-401,-385,-375,-333,-290,-447,-248,-632,-624,-359,-270,-268,-288,-376,-375,-182,-181,-344,-377,-562,-468,-382,-379,-477,-353,-561,-337,-199,-222,-293,-509,-751,-515,-406,-417,-229,-301,-358,-141,-251,-99,-99,-407,-860,-469,-374,-314,-250,-284,-386,-255,-225,-203,-279,-532,-779,-476,-352,-340,-282,-336,-387,-156,-257,-105,-134,-403,-712,-471,-246,-291,-366,-391,-433,-353,-234,-58,41,-691,-735,-573,-428,-336,-331,-250,-370,-151,-116,-84,395,-863,-855,-733,-501,-265,-329,-373,-458,-353,-271,-229,31,-600,-895,-724,-328,-429,-307,-351,-490,-299,-164,-230,209,-814,-759,-628,-326,-338,-394,-407,-552,-419,-280,-43,179,-1015,-1075,-715,-556,-600,-364,-494,-625,-611,-214,-35,350,-920,-1020,-903,-752,-682,-585,-475,-611,-517,-214,-187,-166,-541,-707,-770,-358,-393,-438,-425,-582,-1133,-327,-214,-350,-280,-920,-813,-245,-327,-329,-366,-542,-395,-253,-240,-281,-354,-712,-521,-325,-455,-386,-378,-542,-224,-196,-177,-160,-399,-784,-582,-5679,-4147,-4610,-4076,-4306,-4136,-3917,-3670,-5199,-4608,-4781,-5954,-7032,-6238,-4991,-4430
"전라남도","25 - 29세",-388,-533,-586,-461,-426,-163,-273,-151,-172,-357,-191,-241,20,-297,-399,-296,-363,-115,-250,-20,-254,-196,-139,-94,-349,-259,-448,-261,-312,-415,-240,-357,-155,-434,-250,79,-365,-565,-430,-290,-303,-151,-250,-210,-195,-85,39,-79,-224,-416,-375,-262,-186,-132,-187,-200,-216,-189,-284,-70,-451,-317,-495,-265,-234,-155,-258,-137,-153,-122,51,-8,-281,-336,-211,-194,-289,-271,-318,-182,-162,-102,-1,396,-265,-384,-414,-306,-260,-205,-160,-147,-75,-71,58,399,-364,-365,-376,-277,-372,-97,-201,-378,-254,-119,-24,249,-354,-381,-549,-180,-370,-310,-43,-294,-175,-128,-131,375,-467,-282,-371,-248,-323,-346,-403,-406,-220,-329,8,185,-609,-561,-481,-138,-358,-155,-305,-396,-108,-209,170,582,-645,-402,-598,-397,-436,-354,-399,-406,-277,-61,-75,88,-305,-191,-217,-233,-213,-279,-241,-256,-654,-240,-87,-102,-71,-70,-196,-163,-174,-225,-249,-143,-250,-177,-49,-1,-83,-393,-238,-127,-209,-128,-113,-156,-83,-151,-79,-47,-192,-220,-166,-3942,-2403,-3401,-2884,-2741,-2544,-1951,-1830,-2578,-2540,-3202,-2568,-3962,-3018,-1768,-1807
"전라남도","30 - 34세",-74,-66,145,-37,-81,23,-24,-19,-48,-3,-3,66,87,51,71,-29,-58,6,-4,-16,-111,31,21,135,-94,-147,77,9,-3,-166,-4,-133,-32,-27,-130,-21,-141,-123,26,-40,-86,-7,-33,-107,61,11,-90,141,-142,-28,24,-102,44,5,-2,-63,-47,-52,37,176,-118,-82,36,-70,-44,7,37,-48,8,21,109,148,-71,19,58,69,-103,-135,-58,-121,-3,-18,39,465,-82,-42,-59,-40,93,76,143,180,99,233,6,570,-137,25,24,-84,-48,-21,-26,-17,-12,46,111,187,-87,-33,30,15,-6,-36,-18,-145,-11,-38,58,203,-149,-47,-124,-119,-81,-144,-129,-188,-99,-107,31,151,-311,-187,-101,-76,-31,-69,-100,-126,-62,30,74,316,-146,-130,-107,-189,-132,-137,-116,-71,-60,-62,43,42,-93,-22,-98,-19,-72,-96,-20,-61,-156,-89,13,-12,28,9,-93,-40,-19,-67,-9,-71,-90,-19,14,57,69,51,91,51,66,35,-10,-14,-33,-11,24,52,62,-88,-60,-121,184,-671,-388,-150,4,141,1177,48,-68,-1005,-643,-1065,-725,-300,371
"경상북도","계",-2351,-3829,1224,-1723,-1224,-891,-1051,-1248,-800,-494,-796,-917,-1477,-3279,-387,115,725,-1068,-1461,-1093,-709,-768,44,1051,-2521,-2710,238,1088,312,-1250,-269,-566,1,-25,1087,1063,-1786,-1790,64,572,298,557,856,383,1125,1101,1197,2239,-2424,-2438,-94,-251,-366,23,-311,-810,-189,487,1051,462,-384,-2049,-360,-301,-116,185,-693,-305,-132,379,1151,760,-1389,-1213,-296,76,-39,-464,-169,283,5772,-3853,-683,987,-1640,-1059,-1314,-624,-492,943,864,716,59,287,1202,481,-1685,-82,122,-57,421,168,-415,-928,88,-538,-107,-138,-1444,-2168,-1462,-518,-825,-696,-652,-146,968,585,424,353,-2055,-2394,-1506,-439,-247,-969,-1121,-953,-241,-256,609,347,-2123,-2026,-85,-213,-166,539,-573,-670,-320,-81,271,876,-2413,-2729,-4717,-1700,-1512,-1521,-1834,-2365,-403,565,362,1289,-1028,-242,1439,1133,1327,606,-82,-628,-1126,580,694,664,-1339,-1156,-515,-81,-29,-1143,-1037,-1103,-686,-508,-11,-58,-1650,-2015,0,99,-262,-727,-644,-1167,-661,-306,-329,-501,-1412,-1631,-230,-14100,-8307,-3552,4816,-4860,-1865,-988,-577,-3151,-5581,-9225,-4571,-16978,3337,-7666,-8205
"경상북도","20 - 24세",-488,-664,-407,-545,-383,-368,-352,-375,-260,-223,-211,-304,-208,-756,-543,-274,345,-224,-221,-194,-261,-193,-61,-48,-467,-629,-454,-181,-276,-245,-271,-396,-50,-122,68,-68,-325,-635,-510,-67,-136,-156,334,-229,-99,-78,100,28,-519,-1046,-479,-335,-343,-265,-233,-377,-222,-165,12,-177,-381,-805,-541,-233,-236,-254,-257,-316,-183,-53,98,-99,-442,-806,-583,-213,-343,-385,-334,-380,148,-338,-56,-138,-640,-697,-561,-366,-246,-162,-178,-289,-181,-116,38,-240,-600,-817,-803,-434,-329,-405,-291,-446,-293,-200,-124,-195,-599,-996,-717,-323,-442,-350,-323,-372,17,-138,-72,-140,-688,-866,-509,-279,-358,-379,-452,-534,-228,-298,-78,-152,-815,-1113,-508,-504,-528,-122,-375,-469,-316,-253,-211,-286,-925,-1264,-1429,-896,-804,-797,-799,-912,-614,-168,-315,-258,-620,-783,-420,-300,-203,-318,-509,-587,-899,-187,-181,-299,-771,-1213,-1265,-484,-420,-494,-372,-596,-353,-232,-174,-250,-782,-1196,-524,-191,-285,-346,-250,-623,-243,-236,-102,-376,-742,-1091,-495,-4580,-2638,-3091,-1773,-4149,-3260,-3870,-3638,-4937,-4455,-4821,-5500,-9181,-5306,-6624,-5108
"경상북도","25 - 29세",-372,-421,-201,-579,-474,-373,-375,-234,-278,-239,-341,-238,-251,-405,-359,-293,-241,-576,-404,-139,-252,-330,-66,16,-395,-353,-303,-179,-183,-428,-176,-199,-99,-340,29,-141,-319,-284,-428,-215,-272,-155,-143,-126,-35,-73,-80,150,-446,-515,-319,-257,-343,-243,-261,-281,-112,-121,-86,-9,-290,-365,-323,-351,-330,-332,-243,-229,-133,-248,-44,-12,-421,-358,-590,-281,-335,-278,-255,-234,311,-438,-200,-69,-520,-443,-451,-373,-417,-222,-71,-68,-189,-138,-183,-97,-432,-454,-529,-355,-152,-301,-298,-328,-230,-286,-120,-178,-536,-538,-586,-344,-433,-393,-400,-269,-210,-147,-66,-66,-685,-584,-685,-474,-379,-414,-460,-404,-255,-297,-29,-95,-782,-533,-443,-435,-446,-254,-245,-342,-432,-230,-194,-86,-835,-612,-1133,-618,-664,-644,-498,-654,-463,-174,-192,6,-330,-221,-117,-156,-65,-172,-192,-298,-619,-146,-40,-140,-286,-212,-230,-320,-298,-432,-393,-325,-240,-126,-101,-316,-418,-293,-276,-275,-282,-191,-291,-123,-145,-146,-92,-160,-353,-282,-209,-4125,-3300,-2767,-1980,-2993,-2900,-3148,-3172,-3663,-3988,-4761,-4422,-6481,-2496,-3279,-2641
"경상북도","30 - 34세",-113,-214,74,-281,-177,-112,-83,-83,-61,-79,-42,-185,-280,-248,-104,-172,-122,-273,-386,-179,-112,-60,-136,-31,-143,-181,-91,55,-47,-147,18,59,70,18,-15,100,-162,-141,49,-100,-28,-10,17,34,129,65,31,266,-313,-233,-10,-176,-85,-130,-43,-120,-93,2,60,-79,-71,-155,-60,-225,-112,-25,-148,-23,-121,33,-51,12,-245,-100,-104,-111,-71,-32,-28,39,646,-497,-220,55,-160,-49,-217,-121,-150,-46,184,-13,67,24,32,82,-136,-22,58,-137,42,-53,-175,-200,-32,-181,-121,-10,-115,-268,-239,-209,-212,-144,-127,-55,1,-43,-115,-74,-257,-265,-319,-182,-214,-215,-181,-251,-79,-95,-53,-76,-291,-132,-186,-55,-45,-97,-181,-234,-58,-119,-33,-42,-262,-223,-479,-310,-220,-252,-359,-258,-156,60,-77,58,-212,5,12,5,60,-37,-111,-111,-184,14,8,-4,-181,-162,7,-140,-126,-79,-144,-114,-138,-21,-42,-20,-123,-138,-95,-75,-24,-25,-58,-70,-85,-68,-139,-77,-61,-94,-20,-1356,-2103,-304,150,-1220,-946,-668,-367,-967,-1600,-2187,-1473,-2478,-555,-1160,-960
"경상남도","계",-1956,-616,611,668,1350,2082,1980,1424,1300,1876,1616,2694,-1313,-1181,708,1212,935,1435,1996,1133,983,1459,1663,2209,-7,-875,360,1143,1320,109,-161,-186,671,111,389,372,-84,-1274,394,1413,-111,-101,-43,882,1399,999,526,534,-191,-2719,-780,69,1130,742,-712,-746,-79,767,-366,113,-1192,-1906,-932,-93,226,1884,673,89,214,1455,1132,2244,393,-1475,-222,1016,1940,415,290,125,-486,-555,2279,2355,183,-699,987,1044,581,-423,-816,-123,1508,1003,618,1242,-482,-686,-243,792,262,275,-106,-823,-169,602,578,1772,-127,-1979,-570,-344,439,614,928,-566,539,2185,1379,1481,-3,-1360,-975,-451,348,-257,-282,-631,-705,-615,-199,-680,-509,-2204,-1093,-861,-978,-742,-436,-798,-1089,-2,-291,-307,-614,-2013,-3123,-1696,-1629,-1461,-1445,-1982,-1165,-230,-1206,-94,-1257,-1922,-1556,-348,-687,-624,-701,-1869,-2567,-481,-781,-910,-2001,-3558,-2052,-898,-1605,-1649,-1268,-1404,-1345,-1130,-592,-1045,-1542,-4162,-2116,-996,-1399,-836,-1105,-1874,-526,-210,-372,-1162,-1173,-3326,-1778,13029,11239,3246,4534,-2772,3794,6075,5105,1772,3979,-5810,-9310,-16658,-13703,-18547,-16300
"경상남도","20 - 24세",-491,-730,-413,-249,-306,-173,-87,-30,-210,-22,-125,-74,-355,-719,-527,-141,-324,-96,-116,-233,-259,-99,-163,-144,-287,-689,-736,-331,-220,-391,-233,-527,-277,-302,-270,-288,-389,-685,-489,-289,-323,-249,-301,-307,-161,-61,-174,-280,-391,-1023,-842,-349,-313,-170,-360,-378,-303,-214,-287,-308,-381,-888,-834,-434,-333,-182,-350,-415,-237,-237,-88,-183,-276,-962,-855,-382,-162,-216,-246,-445,-379,-258,-16,-303,-418,-830,-735,-293,-221,-308,-354,-445,-226,-262,-161,-448,-577,-790,-761,-243,-338,-327,-322,-668,-356,-210,-176,-451,-559,-1281,-970,-474,-481,-546,-358,-525,-373,-129,-283,-376,-699,-976,-949,-562,-293,-534,-490,-730,-457,-377,-319,-627,-751,-1446,-1054,-805,-714,-488,-654,-791,-828,-374,-362,-654,-902,-1479,-1575,-1041,-1007,-935,-726,-926,-671,-319,-574,-583,-850,-1384,-1463,-534,-565,-574,-613,-1054,-1483,-458,-569,-715,-830,-2043,-1693,-787,-922,-833,-679,-1057,-809,-571,-516,-582,-926,-2063,-1318,-635,-805,-572,-676,-967,-335,-283,-351,-479,-631,-1581,-1381,-2910,-3176,-4551,-3708,-4938,-4562,-4500,-4701,-5219,-6355,-7013,-8921,-10738,-10262,-11322,-9410
"경상남도","25 - 29세",-52,141,92,61,249,333,256,303,323,475,342,310,126,-110,94,292,321,190,452,368,315,357,405,489,104,31,-123,-70,7,-63,-134,48,19,86,53,94,49,-36,105,-53,-150,-89,69,75,290,3,12,-86,-141,-249,-232,-103,2,25,-28,-28,-128,119,-115,-10,-249,-235,-217,-89,-58,170,-49,-92,-43,18,243,303,57,-180,-341,-53,61,-17,-87,-26,-34,-141,110,-26,-38,-196,-46,-69,-7,-13,-153,-41,-10,-31,-61,-25,-155,-256,-245,-194,-88,-137,-201,-250,-231,-69,-195,-50,-206,-515,-461,-338,-288,-274,-154,-351,-221,-67,-86,-170,-294,-286,-492,-390,-399,-275,-274,-351,-313,-405,-187,-298,-408,-401,-504,-430,-460,-295,-224,-309,-384,-167,-254,-246,-336,-430,-804,-568,-486,-578,-437,-603,-438,-159,-419,-424,-540,-394,-459,-279,-430,-317,-386,-518,-778,-304,-513,-633,-417,-649,-319,-257,-560,-498,-582,-297,-473,-448,-380,-433,-285,-512,-535,-373,-463,-285,-301,-302,-164,-117,-168,-361,-179,-412,-306,2833,3299,52,189,-888,-298,-677,-690,-2071,-3131,-3964,-4082,-5682,-5551,-5313,-3866
"경상남도","30 - 34세",28,396,258,197,320,358,486,255,247,279,397,470,208,173,410,256,266,258,404,343,281,389,483,518,295,128,245,321,351,203,133,151,111,48,182,130,175,97,182,278,171,-49,213,194,122,134,83,280,147,-39,139,54,214,170,11,34,61,226,-6,76,23,58,68,42,166,366,292,66,80,191,287,330,188,49,221,213,397,124,306,141,9,-136,312,321,331,175,370,211,148,19,-13,115,319,98,137,287,-40,203,140,211,96,124,-33,-62,11,18,-66,263,77,-7,71,52,228,150,176,-85,34,273,172,215,56,-53,14,-123,113,21,99,14,-9,-205,-20,-47,57,-38,34,-9,-126,-45,63,37,-39,-11,-28,52,-58,-80,-179,-159,-192,-131,-128,-178,-225,-107,-73,-4,-66,-138,39,-89,-143,-120,-188,-106,-170,-98,-102,-142,-184,-134,-88,-52,-82,-192,-152,-22,-140,-168,-30,-103,-50,-161,-148,-29,-45,-156,-110,-40,10,-59,-13,-70,40,-99,-15,3691,3989,2298,1880,1087,1969,2145,2197,865,1356,-140,-53,-1514,-1323,-1347,-871
"제주특별자치도","계",-797,-231,27,-104,-76,44,157,-194,-248,-347,-150,-317,-209,-420,8,-10,158,173,184,-4,-277,-154,-79,-385,-286,25,-109,171,289,78,150,124,-10,-37,152,-110,-40,218,299,221,303,75,297,327,230,252,173,-12,135,353,528,420,547,384,682,368,452,443,349,215,106,923,835,820,716,455,795,608,637,598,658,672,600,1091,843,863,884,952,981,828,814,951,1149,1156,752,1086,1196,1266,1099,1150,1534,1179,1335,1370,1059,1231,856,1738,1589,1609,1458,1197,1329,1127,849,931,992,957,626,1230,1129,1080,1285,844,1573,1553,1227,1314,1124,1020,1038,997,1136,977,1026,766,929,774,467,437,259,47,90,136,527,418,576,396,346,242,42,83,104,-24,-284,78,-362,91,160,454,526,553,390,722,398,652,-57,502,250,536,428,407,559,63,257,532,318,122,-55,502,233,389,437,314,533,603,64,91,137,-100,-595,-325,-2,182,6,-87,25,-230,-62,-26,-135,-438,-761,-546,-371,-2236,-1015,437,2343,4876,7823,11112,14257,14632,14005,8853,2936,3378,3917,3148,-1687
"제주특별자치도","20 - 24세",-106,-43,-76,-87,-75,-26,-13,-23,-43,-55,-16,-60,-39,-120,-154,-91,-8,-10,-40,-65,-47,-20,-25,-97,-53,-44,-162,-36,-14,4,-8,-48,-42,-44,-33,-80,-36,-91,-108,-34,-29,-54,-41,-71,5,-42,-14,-37,-67,-188,-89,-69,-24,-7,6,-57,23,-15,-36,-94,-54,-80,-60,14,1,3,-20,-39,-15,-14,-8,-3,12,-78,-44,-53,11,57,-12,21,2,-2,43,-12,-16,-21,-156,21,15,9,46,3,-17,14,20,-75,-58,12,-40,29,14,15,77,37,-2,-11,10,-20,-6,-46,-115,15,46,-37,54,20,57,140,64,32,-28,-56,-35,1,45,15,-2,-68,-27,-24,36,-42,-50,-169,-118,-83,-35,-61,-48,-26,-57,-67,-68,-84,-55,-168,-215,-176,-156,-51,-60,-53,-51,59,-40,24,-93,-232,-267,-45,-85,-64,-50,-215,-198,-57,-31,-34,-91,-228,-262,-101,-92,-59,-54,-94,-94,-17,-39,-78,-64,-268,-251,-18,-79,-94,-123,-172,-118,-75,-75,-60,-96,-343,-277,-623,-716,-560,-552,-617,-275,-55,-157,63,224,-185,-866,-942,-1371,-1209,-1397
"제주특별자치도","25 - 29세",-139,-6,-108,-99,-87,-12,48,-24,-24,-88,-73,-110,-60,-67,-26,-52,-33,-26,29,27,-76,-37,-58,-126,-31,17,-88,-56,-22,-66,15,-25,-19,-56,-32,-79,-39,11,-94,-18,-33,-19,9,1,1,-53,-36,-52,-4,-72,-30,-13,20,13,78,23,21,8,-50,-60,-65,20,25,47,50,-29,18,18,51,17,28,25,7,1,27,45,8,26,65,12,13,67,83,105,11,61,16,21,48,58,67,84,80,54,26,26,13,6,91,137,83,53,113,63,29,22,16,-29,32,50,36,117,77,72,113,57,103,93,27,-23,15,10,-21,48,102,87,54,119,22,13,-51,-68,-46,-34,15,52,-1,-27,-10,-30,-36,-16,-1,-29,-89,-110,-142,-114,-43,-30,54,4,43,62,21,108,-20,-63,-12,-8,76,5,51,-87,15,49,-11,-95,-44,-60,1,-38,4,-54,39,68,-59,-88,-17,-53,-50,-58,-78,8,-45,-76,9,-63,13,-54,-66,-145,-126,-73,-40,-722,-505,-442,-322,-66,205,459,552,597,754,330,-163,-236,-100,-301,-605
"제주특별자치도","30 - 34세",-42,32,12,12,7,5,31,-25,14,6,-16,-47,-5,28,27,-5,23,24,17,23,32,29,-40,-8,-28,43,-22,20,30,-5,21,24,24,50,5,21,-13,51,36,-25,24,5,33,53,46,75,35,14,58,98,110,75,79,49,89,50,113,86,19,32,-21,104,117,55,91,69,109,92,122,103,92,108,63,184,136,144,153,162,171,110,144,154,183,285,78,176,228,166,111,147,191,132,187,118,100,85,102,182,152,205,235,130,150,154,119,137,110,145,30,123,212,116,160,126,189,155,233,119,74,90,127,169,127,99,116,139,108,89,67,91,40,-9,32,21,71,61,59,41,60,28,30,32,59,27,13,52,-1,50,63,50,97,87,46,46,75,42,38,35,74,69,52,69,38,28,108,33,67,65,31,58,34,38,45,48,68,84,38,22,2,-13,-19,8,47,3,-40,30,1,0,37,4,-7,-31,-65,1,-23,-11,145,183,334,858,1041,1889,1719,1821,1627,1163,521,620,676,455,33
