지역,연도,사업체수
서울특별시,200802,358446
서울특별시,200803,358339
서울특별시,200804,358233
서울특별시,200805,358126
서울특별시,200806,358020
서울특별시,200807,357913
서울특별시,200808,357807
서울특별시,200809,357700
서울특별시,200810,357594
서울특별시,200811,357487
서울특별시,200812,357381
서울특별시,200901,357274
서울특별시,200902,357157
서울특별시,200903,357041
서울특별시,200904,356924
서울특별시,200905,356808
서울특별시,200906,356691
서울특별시,200907,356575
서울특별시,200908,356458
서울특별시,200909,356341
서울특별시,200910,356225
서울특별시,200911,356108
서울특별시,200912,355992
서울특별시,201001,355575
서울특별시,201002,357417
서울특별시,201003,359259
서울특별시,201004,361102
서울특별시,201005,362944
서울특별시,201006,364786
서울특별시,201007,366628
서울특별시,201008,368470
서울특별시,201009,370312
서울특별시,201010,372155
서울특별시,201011,373997
서울특별시,201012,375839
서울특별시,201101,377681
서울특별시,201102,379034
서울특별시,201103,380388
서울특별시,201104,381741
서울특별시,201105,383094
서울특별시,201106,384448
서울특별시,201107,385801
서울특별시,201108,387154
서울특별시,201109,388508
서울특별시,201110,389861
서울특별시,201111,391214
서울특별시,201112,392568
서울특별시,201201,393858
서울특별시,201202,394287
서울특별시,201203,394717
서울특별시,201204,395146
서울특별시,201205,395575
서울특별시,201206,396005
서울특별시,201207,396434
서울특별시,201208,396863
서울특별시,201209,397293
서울특별시,201210,397722
서울특별시,201211,398151
서울특별시,201212,398581
서울특별시,201301,399010
서울특별시,201302,401699
서울특별시,201303,404388
서울특별시,201304,407077
서울특별시,201305,409766
서울특별시,201306,412455
서울특별시,201307,415145
서울특별시,201308,417834
서울특별시,201309,420523
서울특별시,201310,423212
서울특별시,201311,425901
서울특별시,201312,428590
서울특별시,201401,431279
서울특별시,201402,431872
서울특별시,201403,432466
서울특별시,201404,433059
서울특별시,201405,433652
서울특별시,201406,434246
서울특별시,201407,434839
서울특별시,201408,435432
서울특별시,201409,436026
서울특별시,201410,436619
서울특별시,201411,437212
서울특별시,201412,437806
서울특별시,201501,438399
서울특별시,201502,438315
서울특별시,201503,438231
서울특별시,201504,438147
서울특별시,201505,438063
서울특별시,201506,437979
서울특별시,201507,437895
서울특별시,201508,437811
서울특별시,201509,437727
서울특별시,201510,437643
서울특별시,201511,437559
서울특별시,201512,437475
서울특별시,201601,437391
서울특별시,201602,438134
서울특별시,201603,438877
서울특별시,201604,439620
서울특별시,201605,440363
서울특별시,201606,441106
서울특별시,201607,441850
서울특별시,201608,442593
서울특별시,201609,443336
서울특별시,201610,444079
서울특별시,201611,444822
서울특별시,201612,445565
서울특별시,201701,447316
서울특별시,201702,446583
서울특별시,201703,445850
서울특별시,201704,445116
서울특별시,201705,444383
서울특별시,201706,443650
서울특별시,201707,442917
서울특별시,201708,442183
서울특별시,201709,441450
서울특별시,201710,440717
서울특별시,201711,439984
서울특별시,201712,439250
서울특별시,201801,438517
서울특별시,201802,439904
서울특별시,201803,441291
서울특별시,201804,442678
서울특별시,201805,444065
서울특별시,201806,445452
서울특별시,201807,446839
서울특별시,201808,448225
서울특별시,201809,449612
서울특별시,201810,450999
서울특별시,201811,452386
서울특별시,201812,453773
서울특별시,201901,455160
서울특별시,201902,450843
서울특별시,201903,446525
서울특별시,201904,442208
서울특별시,201905,437890
서울특별시,201906,433573
서울특별시,201907,429256
서울특별시,201908,424938
서울특별시,201909,420621
서울특별시,201910,416303
서울특별시,201911,411986
서울특별시,201912,407668
서울특별시,202001,403351
서울특별시,202002,405130
서울특별시,202003,406908
서울특별시,202004,408687
서울특별시,202005,410466
서울특별시,202006,412244
서울특별시,202007,414023
서울특별시,202008,415802
서울특별시,202009,417580
서울특별시,202010,419359
서울특별시,202011,421138
서울특별시,202012,422916
서울특별시,202101,424695
서울특별시,202102,426154
서울특별시,202103,427614
서울특별시,202104,429073
서울특별시,202105,430532
서울특별시,202106,431992
서울특별시,202107,433451
서울특별시,202108,434910
서울특별시,202109,436370
서울특별시,202110,437829
서울특별시,202111,439288
서울특별시,202112,440748
서울특별시,202201,442207
서울특별시,202202,456634.5468
서울특별시,202203,457166.9284
서울특별시,202204,457699.3101
서울특별시,202205,458231.6917
서울특별시,202206,458764.0734
서울특별시,202207,459296.455
서울특별시,202208,459828.8366
서울특별시,202209,460361.2183
서울특별시,202210,460893.5999
서울특별시,202211,461425.9816
서울특별시,202212,461958.3632
서울특별시,202301,462490.7449
서울특별시,202302,463023.1265
서울특별시,202303,463555.5082
서울특별시,202304,464087.8898
서울특별시,202305,464620.2715
서울특별시,202306,465152.6531
서울특별시,202307,465685.0348
서울특별시,202308,466217.4164
서울특별시,202309,466749.7981
서울특별시,202310,467282.1797
서울특별시,202311,467814.5613
서울특별시,202312,468346.943
서울특별시,202401,468879.3246
서울특별시,202402,469411.7063
부산광역시,200802,110493
부산광역시,200803,110618
부산광역시,200804,110744
부산광역시,200805,110869
부산광역시,200806,110995
부산광역시,200807,111120
부산광역시,200808,111246
부산광역시,200809,111371
부산광역시,200810,111497
부산광역시,200811,111622
부산광역시,200812,111748
부산광역시,200901,111873
부산광역시,200902,111772
부산광역시,200903,111672
부산광역시,200904,111571
부산광역시,200905,111471
부산광역시,200906,111370
부산광역시,200907,111270
부산광역시,200908,111169
부산광역시,200909,111068
부산광역시,200910,110968
부산광역시,200911,110867
부산광역시,200912,110767
부산광역시,201001,110666
부산광역시,201002,111075
부산광역시,201003,111484
부산광역시,201004,111893
부산광역시,201005,112302
부산광역시,201006,112711
부산광역시,201007,113120
부산광역시,201008,113529
부산광역시,201009,113938
부산광역시,201010,114347
부산광역시,201011,114756
부산광역시,201012,115165
부산광역시,201101,115574
부산광역시,201102,115998
부산광역시,201103,116423
부산광역시,201104,116847
부산광역시,201105,117271
부산광역시,201106,117696
부산광역시,201107,118120
부산광역시,201108,118544
부산광역시,201109,118969
부산광역시,201110,119393
부산광역시,201111,119817
부산광역시,201112,120242
부산광역시,201201,120666
부산광역시,201202,121042
부산광역시,201203,121418
부산광역시,201204,121794
부산광역시,201205,122169
부산광역시,201206,122545
부산광역시,201207,122921
부산광역시,201208,123297
부산광역시,201209,123673
부산광역시,201210,124049
부산광역시,201211,124424
부산광역시,201212,124800
부산광역시,201301,125176
부산광역시,201302,125672
부산광역시,201303,126168
부산광역시,201304,126663
부산광역시,201305,127159
부산광역시,201306,127655
부산광역시,201307,128151
부산광역시,201308,128646
부산광역시,201309,129142
부산광역시,201310,129638
부산광역시,201311,130134
부산광역시,201312,130629
부산광역시,201401,131125
부산광역시,201402,131063
부산광역시,201403,131001
부산광역시,201404,130939
부산광역시,201405,130877
부산광역시,201406,130815
부산광역시,201407,130753
부산광역시,201408,130690
부산광역시,201409,130628
부산광역시,201410,130566
부산광역시,201411,130504
부산광역시,201412,130442
부산광역시,201501,130380
부산광역시,201502,130914
부산광역시,201503,131447
부산광역시,201504,131981
부산광역시,201505,132514
부산광역시,201506,133048
부산광역시,201507,133581
부산광역시,201508,134115
부산광역시,201509,134648
부산광역시,201510,135182
부산광역시,201511,135715
부산광역시,201512,136249
부산광역시,201601,136782
부산광역시,201602,137238
부산광역시,201603,137695
부산광역시,201604,138151
부산광역시,201605,138607
부산광역시,201606,139063
부산광역시,201607,139520
부산광역시,201608,139976
부산광역시,201609,140432
부산광역시,201610,140888
부산광역시,201611,141345
부산광역시,201612,141801
부산광역시,201701,142257
부산광역시,201702,142273
부산광역시,201703,142289
부산광역시,201704,142304
부산광역시,201705,142320
부산광역시,201706,142336
부산광역시,201707,142352
부산광역시,201708,142367
부산광역시,201709,142383
부산광역시,201710,142399
부산광역시,201711,142415
부산광역시,201712,142430
부산광역시,201801,142446
부산광역시,201802,142885
부산광역시,201803,143324
부산광역시,201804,143763
부산광역시,201805,144202
부산광역시,201806,144641
부산광역시,201807,145081
부산광역시,201808,145520
부산광역시,201809,145959
부산광역시,201810,146398
부산광역시,201811,146837
부산광역시,201812,147276
부산광역시,201901,147715
부산광역시,201902,145780
부산광역시,201903,143846
부산광역시,201904,141911
부산광역시,201905,139976
부산광역시,201906,138041
부산광역시,201907,136107
부산광역시,201908,134172
부산광역시,201909,132237
부산광역시,201910,130302
부산광역시,201911,128368
부산광역시,201912,126433
부산광역시,202001,124498
부산광역시,202002,125148
부산광역시,202003,125798
부산광역시,202004,126447
부산광역시,202005,127097
부산광역시,202006,127747
부산광역시,202007,128397
부산광역시,202008,129046
부산광역시,202009,129696
부산광역시,202010,130346
부산광역시,202011,130996
부산광역시,202012,131645
부산광역시,202101,132295
부산광역시,202102,132792
부산광역시,202103,133289
부산광역시,202104,133786
부산광역시,202105,134283
부산광역시,202106,134780
부산광역시,202107,135277
부산광역시,202108,135774
부산광역시,202109,136271
부산광역시,202110,136768
부산광역시,202111,137265
부산광역시,202112,137762
부산광역시,202201,138259
부산광역시,202202,144244.5896
부산광역시,202203,144432.6663
부산광역시,202204,144620.743
부산광역시,202205,144808.8198
부산광역시,202206,144996.8965
부산광역시,202207,145184.9732
부산광역시,202208,145373.0499
부산광역시,202209,145561.1266
부산광역시,202210,145749.2033
부산광역시,202211,145937.28
부산광역시,202212,146125.3568
부산광역시,202301,146313.4335
부산광역시,202302,146501.5102
부산광역시,202303,146689.5869
부산광역시,202304,146877.6636
부산광역시,202305,147065.7403
부산광역시,202306,147253.8171
부산광역시,202307,147441.8938
부산광역시,202308,147629.9705
부산광역시,202309,147818.0472
부산광역시,202310,148006.1239
부산광역시,202311,148194.2006
부산광역시,202312,148382.2773
부산광역시,202401,148570.3541
부산광역시,202402,148758.4308
대구광역시,200802,74510
대구광역시,200803,74649
대구광역시,200804,74789
대구광역시,200805,74928
대구광역시,200806,75067
대구광역시,200807,75206
대구광역시,200808,75345
대구광역시,200809,75484
대구광역시,200810,75624
대구광역시,200811,75763
대구광역시,200812,75902
대구광역시,200901,76041
대구광역시,200902,75939
대구광역시,200903,75837
대구광역시,200904,75734
대구광역시,200905,75632
대구광역시,200906,75530
대구광역시,200907,75428
대구광역시,200908,75325
대구광역시,200909,75223
대구광역시,200910,75121
대구광역시,200911,75019
대구광역시,200912,74916
대구광역시,201001,74814
대구광역시,201002,75136.08333
대구광역시,201003,75458.16667
대구광역시,201004,75780.25
대구광역시,201005,76102.33333
대구광역시,201006,76424.41667
대구광역시,201007,76746.5
대구광역시,201008,77068.58333
대구광역시,201009,77390.66667
대구광역시,201010,77712.75
대구광역시,201011,78034.83333
대구광역시,201012,78356.91667
대구광역시,201101,78679
대구광역시,201102,79081.66667
대구광역시,201103,79484.33333
대구광역시,201104,79887
대구광역시,201105,80289.66667
대구광역시,201106,80692.33333
대구광역시,201107,81095
대구광역시,201108,81497.66667
대구광역시,201109,81900.33333
대구광역시,201110,82303
대구광역시,201111,82705.66667
대구광역시,201112,83108.33333
대구광역시,201201,83511
대구광역시,201202,83788
대구광역시,201203,84065.16667
대구광역시,201204,84342.25
대구광역시,201205,84619.33333
대구광역시,201206,84896.41667
대구광역시,201207,85173.5
대구광역시,201208,85450.58333
대구광역시,201209,85727.66667
대구광역시,201210,86004.75
대구광역시,201211,86281.83333
대구광역시,201212,86558.91667
대구광역시,201301,86836
대구광역시,201302,87048
대구광역시,201303,87261
대구광역시,201304,87473
대구광역시,201305,87686
대구광역시,201306,87898
대구광역시,201307,88111
대구광역시,201308,88323
대구광역시,201309,88535
대구광역시,201310,88748
대구광역시,201311,88960
대구광역시,201312,89173
대구광역시,201401,89385
대구광역시,201402,89345
대구광역시,201403,89305
대구광역시,201404,89264
대구광역시,201405,89224
대구광역시,201406,89184
대구광역시,201407,89144
대구광역시,201408,89103
대구광역시,201409,89063
대구광역시,201410,89023
대구광역시,201411,88983
대구광역시,201412,88942
대구광역시,201501,88902
대구광역시,201502,89378
대구광역시,201503,89853
대구광역시,201504,90329
대구광역시,201505,90804
대구광역시,201506,91280
대구광역시,201507,91756
대구광역시,201508,92231
대구광역시,201509,92707
대구광역시,201510,93182
대구광역시,201511,93658
대구광역시,201512,94133
대구광역시,201601,94609
대구광역시,201602,94725
대구광역시,201603,94842
대구광역시,201604,94958
대구광역시,201605,95075
대구광역시,201606,95191
대구광역시,201607,95308
대구광역시,201608,95424
대구광역시,201609,95540
대구광역시,201610,95657
대구광역시,201611,95773
대구광역시,201612,95890
대구광역시,201701,96006
대구광역시,201702,95929
대구광역시,201703,95851
대구광역시,201704,95774
대구광역시,201705,95697
대구광역시,201706,95619
대구광역시,201707,95542
대구광역시,201708,95465
대구광역시,201709,95387
대구광역시,201710,95310
대구광역시,201711,95233
대구광역시,201712,95155
대구광역시,201801,95078
대구광역시,201802,95403
대구광역시,201803,95727
대구광역시,201804,96052
대구광역시,201805,96376
대구광역시,201806,96701
대구광역시,201807,97025
대구광역시,201808,97350
대구광역시,201809,97674
대구광역시,201810,97999
대구광역시,201811,98323
대구광역시,201812,98648
대구광역시,201901,98972
대구광역시,201902,97723
대구광역시,201903,96474
대구광역시,201904,95225
대구광역시,201905,93976
대구광역시,201906,92727
대구광역시,201907,91479
대구광역시,201908,90230
대구광역시,201909,88981
대구광역시,201910,87732
대구광역시,201911,86483
대구광역시,201912,85234
대구광역시,202001,83985
대구광역시,202002,84249
대구광역시,202003,84513
대구광역시,202004,84777
대구광역시,202005,85041
대구광역시,202006,85305
대구광역시,202007,85569
대구광역시,202008,85833
대구광역시,202009,86097
대구광역시,202010,86361
대구광역시,202011,86625
대구광역시,202012,86889
대구광역시,202101,87153
대구광역시,202102,87365
대구광역시,202103,87578
대구광역시,202104,87790
대구광역시,202105,88002
대구광역시,202106,88215
대구광역시,202107,88427
대구광역시,202108,88639
대구광역시,202109,88852
대구광역시,202110,89064
대구광역시,202111,89276
대구광역시,202112,89489
대구광역시,202201,89701
대구광역시,202202,96149.44959
대구광역시,202203,96258.87124
대구광역시,202204,96368.29288
대구광역시,202205,96477.71452
대구광역시,202206,96587.13616
대구광역시,202207,96696.5578
대구광역시,202208,96805.97944
대구광역시,202209,96915.40108
대구광역시,202210,97024.82272
대구광역시,202211,97134.24436
대구광역시,202212,97243.666
대구광역시,202301,97353.08765
대구광역시,202302,97462.50929
대구광역시,202303,97571.93093
대구광역시,202304,97681.35257
대구광역시,202305,97790.77421
대구광역시,202306,97900.19585
대구광역시,202307,98009.61749
대구광역시,202308,98119.03913
대구광역시,202309,98228.46077
대구광역시,202310,98337.88241
대구광역시,202311,98447.30406
대구광역시,202312,98556.7257
대구광역시,202401,98666.14734
대구광역시,202402,98775.56898
인천광역시,200802,70065
인천광역시,200803,70182
인천광역시,200804,70300
인천광역시,200805,70418
인천광역시,200806,70535
인천광역시,200807,70653
인천광역시,200808,70771
인천광역시,200809,70888
인천광역시,200810,71006
인천광역시,200811,71124
인천광역시,200812,71241
인천광역시,200901,71359
인천광역시,200902,71445
인천광역시,200903,71531
인천광역시,200904,71617
인천광역시,200905,71703
인천광역시,200906,71789
인천광역시,200907,71876
인천광역시,200908,71962
인천광역시,200909,72048
인천광역시,200910,72134
인천광역시,200911,72220
인천광역시,200912,72306
인천광역시,201001,72392
인천광역시,201002,72692
인천광역시,201003,72993
인천광역시,201004,73293
인천광역시,201005,73594
인천광역시,201006,73894
인천광역시,201007,74195
인천광역시,201008,74495
인천광역시,201009,74795
인천광역시,201010,75096
인천광역시,201011,75396
인천광역시,201012,75697
인천광역시,201101,75997
인천광역시,201102,76312
인천광역시,201103,76628
인천광역시,201104,76943
인천광역시,201105,77258
인천광역시,201106,77574
인천광역시,201107,77889
인천광역시,201108,78204
인천광역시,201109,78520
인천광역시,201110,78835
인천광역시,201111,79150
인천광역시,201112,79466
인천광역시,201201,79781
인천광역시,201202,80012
인천광역시,201203,80244
인천광역시,201204,80475
인천광역시,201205,80707
인천광역시,201206,80938
인천광역시,201207,81170
인천광역시,201208,81401
인천광역시,201209,81632
인천광역시,201210,81864
인천광역시,201211,82095
인천광역시,201212,82327
인천광역시,201301,82558
인천광역시,201302,82917
인천광역시,201303,83276
인천광역시,201304,83635
인천광역시,201305,83994
인천광역시,201306,84353
인천광역시,201307,84713
인천광역시,201308,85072
인천광역시,201309,85431
인천광역시,201310,85790
인천광역시,201311,86149
인천광역시,201312,86508
인천광역시,201401,86867
인천광역시,201402,87050
인천광역시,201403,87233
인천광역시,201404,87416
인천광역시,201405,87598
인천광역시,201406,87781
인천광역시,201407,87964
인천광역시,201408,88147
인천광역시,201409,88330
인천광역시,201410,88513
인천광역시,201411,88695
인천광역시,201412,88878
인천광역시,201501,89061
인천광역시,201502,89361
인천광역시,201503,89662
인천광역시,201504,89962
인천광역시,201505,90262
인천광역시,201506,90562
인천광역시,201507,90863
인천광역시,201508,91163
인천광역시,201509,91463
인천광역시,201510,91763
인천광역시,201511,92064
인천광역시,201512,92364
인천광역시,201601,92664
인천광역시,201602,93024
인천광역시,201603,93384
인천광역시,201604,93744
인천광역시,201605,94104
인천광역시,201606,94464
인천광역시,201607,94825
인천광역시,201608,95185
인천광역시,201609,95545
인천광역시,201610,95905
인천광역시,201611,96265
인천광역시,201612,96625
인천광역시,201701,96985
인천광역시,201702,97102
인천광역시,201703,97218
인천광역시,201704,97335
인천광역시,201705,97451
인천광역시,201706,97568
인천광역시,201707,97685
인천광역시,201708,97801
인천광역시,201709,97918
인천광역시,201710,98034
인천광역시,201711,98151
인천광역시,201712,98267
인천광역시,201801,98384
인천광역시,201802,98895
인천광역시,201803,99405
인천광역시,201804,99916
인천광역시,201805,100427
인천광역시,201806,100937
인천광역시,201807,101448
인천광역시,201808,101959
인천광역시,201809,102469
인천광역시,201810,102980
인천광역시,201811,103491
인천광역시,201812,104001
인천광역시,201901,104512
인천광역시,201902,103462
인천광역시,201903,102413
인천광역시,201904,101363
인천광역시,201905,100313
인천광역시,201906,99264
인천광역시,201907,98214
인천광역시,201908,97164
인천광역시,201909,96115
인천광역시,201910,95065
인천광역시,201911,94015
인천광역시,201912,92966
인천광역시,202001,91916
인천광역시,202002,92516
인천광역시,202003,93117
인천광역시,202004,93717
인천광역시,202005,94318
인천광역시,202006,94918
인천광역시,202007,95519
인천광역시,202008,96119
인천광역시,202009,96719
인천광역시,202010,97320
인천광역시,202011,97920
인천광역시,202012,98521
인천광역시,202101,99121
인천광역시,202102,98692
인천광역시,202103,98262
인천광역시,202104,97833
인천광역시,202105,97403
인천광역시,202106,96974
인천광역시,202107,96544
인천광역시,202108,96115
인천광역시,202109,95685
인천광역시,202110,95256
인천광역시,202111,94826
인천광역시,202112,94397
인천광역시,202201,104275
인천광역시,202202,104515.5277
인천광역시,202203,104716.5444
인천광역시,202204,104917.5611
인천광역시,202205,105118.5779
인천광역시,202206,105319.5946
인천광역시,202207,105520.6114
인천광역시,202208,105721.6281
인천광역시,202209,105922.6448
인천광역시,202210,106123.6616
인천광역시,202211,106324.6783
인천광역시,202212,106525.6951
인천광역시,202301,106726.7118
인천광역시,202302,106927.7285
인천광역시,202303,107128.7453
인천광역시,202304,107329.762
인천광역시,202305,107530.7788
인천광역시,202306,107731.7955
인천광역시,202307,107932.8122
인천광역시,202308,108133.829
인천광역시,202309,108334.8457
인천광역시,202310,108535.8625
인천광역시,202311,108736.8792
인천광역시,202312,108937.8959
인천광역시,202401,109138.9127
인천광역시,202402,109339.9294
광주광역시,200802,44717
광주광역시,200803,44779
광주광역시,200804,44841
광주광역시,200805,44902
광주광역시,200806,44964
광주광역시,200807,45026
광주광역시,200808,45088
광주광역시,200809,45150
광주광역시,200810,45212
광주광역시,200811,45273
광주광역시,200812,45335
광주광역시,200901,45397
광주광역시,200902,45338
광주광역시,200903,45279
광주광역시,200904,45220
광주광역시,200905,45161
광주광역시,200906,45102
광주광역시,200907,45043
광주광역시,200908,44984
광주광역시,200909,44925
광주광역시,200910,44866
광주광역시,200911,44807
광주광역시,200912,44748
광주광역시,201001,44689
광주광역시,201002,44861
광주광역시,201003,45033
광주광역시,201004,45205
광주광역시,201005,45377
광주광역시,201006,45549
광주광역시,201007,45721
광주광역시,201008,45893
광주광역시,201009,46065
광주광역시,201010,46237
광주광역시,201011,46409
광주광역시,201012,46581
광주광역시,201101,46753
광주광역시,201102,47019
광주광역시,201103,47286
광주광역시,201104,47552
광주광역시,201105,47818
광주광역시,201106,48085
광주광역시,201107,48351
광주광역시,201108,48617
광주광역시,201109,48884
광주광역시,201110,49150
광주광역시,201111,49416
광주광역시,201112,49683
광주광역시,201201,49949
광주광역시,201202,50125
광주광역시,201203,50301
광주광역시,201204,50476
광주광역시,201205,50652
광주광역시,201206,50828
광주광역시,201207,51004
광주광역시,201208,51179
광주광역시,201209,51355
광주광역시,201210,51531
광주광역시,201211,51707
광주광역시,201212,51882
광주광역시,201301,52058
광주광역시,201302,52270
광주광역시,201303,52482
광주광역시,201304,52694
광주광역시,201305,52906
광주광역시,201306,53118
광주광역시,201307,53330
광주광역시,201308,53542
광주광역시,201309,53754
광주광역시,201310,53966
광주광역시,201311,54178
광주광역시,201312,54390
광주광역시,201401,54602
광주광역시,201402,54558
광주광역시,201403,54514
광주광역시,201404,54471
광주광역시,201405,54427
광주광역시,201406,54383
광주광역시,201407,54339
광주광역시,201408,54295
광주광역시,201409,54251
광주광역시,201410,54208
광주광역시,201411,54164
광주광역시,201412,54120
광주광역시,201501,54076
광주광역시,201502,54389
광주광역시,201503,54701
광주광역시,201504,55014
광주광역시,201505,55326
광주광역시,201506,55639
광주광역시,201507,55951
광주광역시,201508,56264
광주광역시,201509,56576
광주광역시,201510,56889
광주광역시,201511,57201
광주광역시,201512,57514
광주광역시,201601,57826
광주광역시,201602,58047
광주광역시,201603,58267
광주광역시,201604,58488
광주광역시,201605,58708
광주광역시,201606,58929
광주광역시,201607,59149
광주광역시,201608,59370
광주광역시,201609,59590
광주광역시,201610,59811
광주광역시,201611,60031
광주광역시,201612,60252
광주광역시,201701,60472
광주광역시,201702,60484.83333
광주광역시,201703,60497.66667
광주광역시,201704,60510.5
광주광역시,201705,60523.33333
광주광역시,201706,60536.16667
광주광역시,201707,60549
광주광역시,201708,60561.83333
광주광역시,201709,60574.66667
광주광역시,201710,60587.5
광주광역시,201711,60600.33333
광주광역시,201712,60613.16667
광주광역시,201801,60626
광주광역시,201802,60967.75
광주광역시,201803,61309.5
광주광역시,201804,61651.25
광주광역시,201805,61993
광주광역시,201806,62334.75
광주광역시,201807,62676.5
광주광역시,201808,63018.25
광주광역시,201809,63360
광주광역시,201810,63701.75
광주광역시,201811,64043.5
광주광역시,201812,64385.25
광주광역시,201901,64727
광주광역시,201902,63845.91667
광주광역시,201903,62964.83333
광주광역시,201904,62083.75
광주광역시,201905,61202.66667
광주광역시,201906,60321.58333
광주광역시,201907,59440.5
광주광역시,201908,58559.41667
광주광역시,201909,57678.33333
광주광역시,201910,56797.25
광주광역시,201911,55916.16667
광주광역시,201912,55035.08333
광주광역시,202001,54154
광주광역시,202002,54307.08333
광주광역시,202003,54460.16667
광주광역시,202004,54613.25
광주광역시,202005,54766.33333
광주광역시,202006,54919.41667
광주광역시,202007,55072.5
광주광역시,202008,55225.58333
광주광역시,202009,55378.66667
광주광역시,202010,55531.75
광주광역시,202011,55684.83333
광주광역시,202012,55837.91667
광주광역시,202101,55991
광주광역시,202102,56222.41667
광주광역시,202103,56453.83333
광주광역시,202104,56685.25
광주광역시,202105,56916.66667
광주광역시,202106,57148.08333
광주광역시,202107,57379.5
광주광역시,202108,57610.91667
광주광역시,202109,57842.33333
광주광역시,202110,58073.75
광주광역시,202111,58305.16667
광주광역시,202112,58536.58333
광주광역시,202201,58768
광주광역시,202202,62474.07236
광주광역시,202203,62576.36879
광주광역시,202204,62678.66522
광주광역시,202205,62780.96165
광주광역시,202206,62883.25809
광주광역시,202207,62985.55452
광주광역시,202208,63087.85095
광주광역시,202209,63190.14738
광주광역시,202210,63292.44382
광주광역시,202211,63394.74025
광주광역시,202212,63497.03668
광주광역시,202301,63599.33311
광주광역시,202302,63701.62955
광주광역시,202303,63803.92598
광주광역시,202304,63906.22241
광주광역시,202305,64008.51884
광주광역시,202306,64110.81528
광주광역시,202307,64213.11171
광주광역시,202308,64315.40814
광주광역시,202309,64417.70457
광주광역시,202310,64520.00101
광주광역시,202311,64622.29744
광주광역시,202312,64724.59387
광주광역시,202401,64826.8903
광주광역시,202402,64929.18674
대전광역시,200802,40763.08333
대전광역시,200803,40753.16667
대전광역시,200804,40743.25
대전광역시,200805,40733.33333
대전광역시,200806,40723.41667
대전광역시,200807,40713.5
대전광역시,200808,40703.58333
대전광역시,200809,40693.66667
대전광역시,200810,40683.75
대전광역시,200811,40673.83333
대전광역시,200812,40663.91667
대전광역시,200901,40654
대전광역시,200902,40788.83333
대전광역시,200903,40923.66667
대전광역시,200904,41058.5
대전광역시,200905,41193.33333
대전광역시,200906,41328.16667
대전광역시,200907,41463
대전광역시,200908,41597.83333
대전광역시,200909,41732.66667
대전광역시,200910,41867.5
대전광역시,200911,42002.33333
대전광역시,200912,42137.16667
대전광역시,201001,42272
대전광역시,201002,42489.33333
대전광역시,201003,42706.66667
대전광역시,201004,42924
대전광역시,201005,43141.33333
대전광역시,201006,43358.66667
대전광역시,201007,43576
대전광역시,201008,43793.33333
대전광역시,201009,44010.66667
대전광역시,201010,44228
대전광역시,201011,44445.33333
대전광역시,201012,44662.66667
대전광역시,201101,44880
대전광역시,201102,45045.25
대전광역시,201103,45210.5
대전광역시,201104,45375.75
대전광역시,201105,45541
대전광역시,201106,45706.25
대전광역시,201107,45871.5
대전광역시,201108,46036.75
대전광역시,201109,46202
대전광역시,201110,46367.25
대전광역시,201111,46532.5
대전광역시,201112,46697.75
대전광역시,201201,46863
대전광역시,201202,46984.91667
대전광역시,201203,47106.83333
대전광역시,201204,47228.75
대전광역시,201205,47350.66667
대전광역시,201206,47472.58333
대전광역시,201207,47594.5
대전광역시,201208,47716.41667
대전광역시,201209,47838.33333
대전광역시,201210,47960.25
대전광역시,201211,48082.16667
대전광역시,201212,48204.08333
대전광역시,201301,48326
대전광역시,201302,48568.08333
대전광역시,201303,48810.16667
대전광역시,201304,49052.25
대전광역시,201305,49294.33333
대전광역시,201306,49536.41667
대전광역시,201307,49778.5
대전광역시,201308,50020.58333
대전광역시,201309,50262.66667
대전광역시,201310,50504.75
대전광역시,201311,50746.83333
대전광역시,201312,50988.91667
대전광역시,201401,51231
대전광역시,201402,51309.5
대전광역시,201403,51388
대전광역시,201404,51466.5
대전광역시,201405,51545
대전광역시,201406,51623.5
대전광역시,201407,51702
대전광역시,201408,51780.5
대전광역시,201409,51859
대전광역시,201410,51937.5
대전광역시,201411,52016
대전광역시,201412,52094.5
대전광역시,201501,52173
대전광역시,201502,52391.58333
대전광역시,201503,52610.16667
대전광역시,201504,52828.75
대전광역시,201505,53047.33333
대전광역시,201506,53265.91667
대전광역시,201507,53484.5
대전광역시,201508,53703.08333
대전광역시,201509,53921.66667
대전광역시,201510,54140.25
대전광역시,201511,54358.83333
대전광역시,201512,54577.41667
대전광역시,201601,54796
대전광역시,201602,54913.5
대전광역시,201603,55031
대전광역시,201604,55148.5
대전광역시,201605,55266
대전광역시,201606,55383.5
대전광역시,201607,55501
대전광역시,201608,55618.5
대전광역시,201609,55736
대전광역시,201610,55853.5
대전광역시,201611,55971
대전광역시,201612,56088.5
대전광역시,201701,56206
대전광역시,201702,56233
대전광역시,201703,56260
대전광역시,201704,56287
대전광역시,201705,56314
대전광역시,201706,56341
대전광역시,201707,56368
대전광역시,201708,56395
대전광역시,201709,56422
대전광역시,201710,56449
대전광역시,201711,56476
대전광역시,201712,56503
대전광역시,201801,56530
대전광역시,201802,56784.58333
대전광역시,201803,57039.16667
대전광역시,201804,57293.75
대전광역시,201805,57548.33333
대전광역시,201806,57802.91667
대전광역시,201807,58057.5
대전광역시,201808,58312.08333
대전광역시,201809,58566.66667
대전광역시,201810,58821.25
대전광역시,201811,59075.83333
대전광역시,201812,59330.41667
대전광역시,201901,59585
대전광역시,201902,58886.75
대전광역시,201903,58188.5
대전광역시,201904,57490.25
대전광역시,201905,56792
대전광역시,201906,56093.75
대전광역시,201907,55395.5
대전광역시,201908,54697.25
대전광역시,201909,53999
대전광역시,201910,53300.75
대전광역시,201911,52602.5
대전광역시,201912,51904.25
대전광역시,202001,51206
대전광역시,202002,51277.83333
대전광역시,202003,51349.66667
대전광역시,202004,51421.5
대전광역시,202005,51493.33333
대전광역시,202006,51565.16667
대전광역시,202007,51637
대전광역시,202008,51708.83333
대전광역시,202009,51780.66667
대전광역시,202010,51852.5
대전광역시,202011,51924.33333
대전광역시,202012,51996.16667
대전광역시,202101,52068
대전광역시,202102,52387.83333
대전광역시,202103,52707.66667
대전광역시,202104,53027.5
대전광역시,202105,53347.33333
대전광역시,202106,53667.16667
대전광역시,202107,53987
대전광역시,202108,54306.83333
대전광역시,202109,54626.66667
대전광역시,202110,54946.5
대전광역시,202111,55266.33333
대전광역시,202112,55586.16667
대전광역시,202201,55906
대전광역시,202202,58712.44094
대전광역시,202203,58810.67774
대전광역시,202204,58908.91453
대전광역시,202205,59007.15133
대전광역시,202206,59105.38813
대전광역시,202207,59203.62493
대전광역시,202208,59301.86172
대전광역시,202209,59400.09852
대전광역시,202210,59498.33532
대전광역시,202211,59596.57212
대전광역시,202212,59694.80891
대전광역시,202301,59793.04571
대전광역시,202302,59891.28251
대전광역시,202303,59989.51931
대전광역시,202304,60087.75611
대전광역시,202305,60185.9929
대전광역시,202306,60284.2297
대전광역시,202307,60382.4665
대전광역시,202308,60480.7033
대전광역시,202309,60578.94009
대전광역시,202310,60677.17689
대전광역시,202311,60775.41369
대전광역시,202312,60873.65049
대전광역시,202401,60971.88728
대전광역시,202402,61070.12408
울산광역시,200802,29356
울산광역시,200803,29396
울산광역시,200804,29436
울산광역시,200805,29476
울산광역시,200806,29516
울산광역시,200807,29556
울산광역시,200808,29596
울산광역시,200809,29636
울산광역시,200810,29676
울산광역시,200811,29716
울산광역시,200812,29756
울산광역시,200901,29796
울산광역시,200902,29864.83333
울산광역시,200903,29933.66667
울산광역시,200904,30002.5
울산광역시,200905,30071.33333
울산광역시,200906,30140.16667
울산광역시,200907,30209
울산광역시,200908,30277.83333
울산광역시,200909,30346.66667
울산광역시,200910,30415.5
울산광역시,200911,30484.33333
울산광역시,200912,30553.16667
울산광역시,201001,30622
울산광역시,201002,30747.41667
울산광역시,201003,30872.83333
울산광역시,201004,30998.25
울산광역시,201005,31123.66667
울산광역시,201006,31249.08333
울산광역시,201007,31374.5
울산광역시,201008,31499.91667
울산광역시,201009,31625.33333
울산광역시,201010,31750.75
울산광역시,201011,31876.16667
울산광역시,201012,32001.58333
울산광역시,201101,32127
울산광역시,201102,32237.08333
울산광역시,201103,32347.16667
울산광역시,201104,32457.25
울산광역시,201105,32567.33333
울산광역시,201106,32677.41667
울산광역시,201107,32787.5
울산광역시,201108,32897.58333
울산광역시,201109,33007.66667
울산광역시,201110,33117.75
울산광역시,201111,33227.83333
울산광역시,201112,33337.91667
울산광역시,201201,33448
울산광역시,201202,33614
울산광역시,201203,33780
울산광역시,201204,33946
울산광역시,201205,34112
울산광역시,201206,34278
울산광역시,201207,34444
울산광역시,201208,34610
울산광역시,201209,34776
울산광역시,201210,34942
울산광역시,201211,35108
울산광역시,201212,35274
울산광역시,201301,35440
울산광역시,201302,35578.41667
울산광역시,201303,35716.83333
울산광역시,201304,35855.25
울산광역시,201305,35993.66667
울산광역시,201306,36132.08333
울산광역시,201307,36270.5
울산광역시,201308,36408.91667
울산광역시,201309,36547.33333
울산광역시,201310,36685.75
울산광역시,201311,36824.16667
울산광역시,201312,36962.58333
울산광역시,201401,37101
울산광역시,201402,37178.5
울산광역시,201403,37256
울산광역시,201404,37333.5
울산광역시,201405,37411
울산광역시,201406,37488.5
울산광역시,201407,37566
울산광역시,201408,37643.5
울산광역시,201409,37721
울산광역시,201410,37798.5
울산광역시,201411,37876
울산광역시,201412,37953.5
울산광역시,201501,38031
울산광역시,201502,38171.75
울산광역시,201503,38312.5
울산광역시,201504,38453.25
울산광역시,201505,38594
울산광역시,201506,38734.75
울산광역시,201507,38875.5
울산광역시,201508,39016.25
울산광역시,201509,39157
울산광역시,201510,39297.75
울산광역시,201511,39438.5
울산광역시,201512,39579.25
울산광역시,201601,39720
울산광역시,201602,39734.66667
울산광역시,201603,39749.33333
울산광역시,201604,39764
울산광역시,201605,39778.66667
울산광역시,201606,39793.33333
울산광역시,201607,39808
울산광역시,201608,39822.66667
울산광역시,201609,39837.33333
울산광역시,201610,39852
울산광역시,201611,39866.66667
울산광역시,201612,39881.33333
울산광역시,201701,39896
울산광역시,201702,39896.33333
울산광역시,201703,39896.66667
울산광역시,201704,39897
울산광역시,201705,39897.33333
울산광역시,201706,39897.66667
울산광역시,201707,39898
울산광역시,201708,39898.33333
울산광역시,201709,39898.66667
울산광역시,201710,39899
울산광역시,201711,39899.33333
울산광역시,201712,39899.66667
울산광역시,201801,39900
울산광역시,201802,40087.75
울산광역시,201803,40275.5
울산광역시,201804,40463.25
울산광역시,201805,40651
울산광역시,201806,40838.75
울산광역시,201807,41026.5
울산광역시,201808,41214.25
울산광역시,201809,41402
울산광역시,201810,41589.75
울산광역시,201811,41777.5
울산광역시,201812,41965.25
울산광역시,201901,42153
울산광역시,201902,41533.58333
울산광역시,201903,40914.16667
울산광역시,201904,40294.75
울산광역시,201905,39675.33333
울산광역시,201906,39055.91667
울산광역시,201907,38436.5
울산광역시,201908,37817.08333
울산광역시,201909,37197.66667
울산광역시,201910,36578.25
울산광역시,201911,35958.83333
울산광역시,201912,35339.41667
울산광역시,202001,34720
울산광역시,202002,34822.25
울산광역시,202003,34924.5
울산광역시,202004,35026.75
울산광역시,202005,35129
울산광역시,202006,35231.25
울산광역시,202007,35333.5
울산광역시,202008,35435.75
울산광역시,202009,35538
울산광역시,202010,35640.25
울산광역시,202011,35742.5
울산광역시,202012,35844.75
울산광역시,202101,35947
울산광역시,202102,36105.08333
울산광역시,202103,36263.16667
울산광역시,202104,36421.25
울산광역시,202105,36579.33333
울산광역시,202106,36737.41667
울산광역시,202107,36895.5
울산광역시,202108,37053.58333
울산광역시,202109,37211.66667
울산광역시,202110,37369.75
울산광역시,202111,37527.83333
울산광역시,202112,37685.91667
울산광역시,202201,37844
울산광역시,202202,40704.36841
울산광역시,202203,40761.02506
울산광역시,202204,40817.68172
울산광역시,202205,40874.33837
울산광역시,202206,40930.99503
울산광역시,202207,40987.65169
울산광역시,202208,41044.30834
울산광역시,202209,41100.965
울산광역시,202210,41157.62166
울산광역시,202211,41214.27831
울산광역시,202212,41270.93497
울산광역시,202301,41327.59162
울산광역시,202302,41384.24828
울산광역시,202303,41440.90494
울산광역시,202304,41497.56159
울산광역시,202305,41554.21825
울산광역시,202306,41610.87491
울산광역시,202307,41667.53156
울산광역시,202308,41724.18822
울산광역시,202309,41780.84487
울산광역시,202310,41837.50153
울산광역시,202311,41894.15819
울산광역시,202312,41950.81484
울산광역시,202401,42007.4715
울산광역시,202402,42064.12816
세종특별자치시,201209,3358.333333
세종특별자치시,201210,3404.75
세종특별자치시,201211,3451.166667
세종특별자치시,201212,3497.583333
세종특별자치시,201301,3544
세종특별자치시,201302,3644.416667
세종특별자치시,201303,3744.833333
세종특별자치시,201304,3845.25
세종특별자치시,201305,3945.666667
세종특별자치시,201306,4046.083333
세종특별자치시,201307,4146.5
세종특별자치시,201308,4246.916667
세종특별자치시,201309,4347.333333
세종특별자치시,201310,4447.75
세종특별자치시,201311,4548.166667
세종특별자치시,201312,4648.583333
세종특별자치시,201401,4749
세종특별자치시,201402,4815.416667
세종특별자치시,201403,4881.833333
세종특별자치시,201404,4948.25
세종특별자치시,201405,5014.666667
세종특별자치시,201406,5081.083333
세종특별자치시,201407,5147.5
세종특별자치시,201408,5213.916667
세종특별자치시,201409,5280.333333
세종특별자치시,201410,5346.75
세종특별자치시,201411,5413.166667
세종특별자치시,201412,5479.583333
세종특별자치시,201501,5546
세종특별자치시,201502,5615.166667
세종특별자치시,201503,5684.333333
세종특별자치시,201504,5753.5
세종특별자치시,201505,5822.666667
세종특별자치시,201506,5891.833333
세종특별자치시,201507,5961
세종특별자치시,201508,6030.166667
세종특별자치시,201509,6099.333333
세종특별자치시,201510,6168.5
세종특별자치시,201511,6237.666667
세종특별자치시,201512,6306.833333
세종특별자치시,201601,6376
세종특별자치시,201602,6483.666667
세종특별자치시,201603,6591.333333
세종특별자치시,201604,6699
세종특별자치시,201605,6806.666667
세종특별자치시,201606,6914.333333
세종특별자치시,201607,7022
세종특별자치시,201608,7129.666667
세종특별자치시,201609,7237.333333
세종특별자치시,201610,7345
세종특별자치시,201611,7452.666667
세종특별자치시,201612,7560.333333
세종특별자치시,201701,7668
세종특별자치시,201702,7771.083333
세종특별자치시,201703,7874.166667
세종특별자치시,201704,7977.25
세종특별자치시,201705,8080.333333
세종특별자치시,201706,8183.416667
세종특별자치시,201707,8286.5
세종특별자치시,201708,8389.583333
세종특별자치시,201709,8492.666667
세종특별자치시,201710,8595.75
세종특별자치시,201711,8698.833333
세종특별자치시,201712,8801.916667
세종특별자치시,201801,8905
세종특별자치시,201802,9020.583333
세종특별자치시,201803,9136.166667
세종특별자치시,201804,9251.75
세종특별자치시,201805,9367.333333
세종특별자치시,201806,9482.916667
세종특별자치시,201807,9598.5
세종특별자치시,201808,9714.083333
세종특별자치시,201809,9829.666667
세종특별자치시,201810,9945.25
세종특별자치시,201811,10060.83333
세종특별자치시,201812,10176.41667
세종특별자치시,201901,10292
세종특별자치시,201902,10228.16667
세종특별자치시,201903,10164.33333
세종특별자치시,201904,10100.5
세종특별자치시,201905,10036.66667
세종특별자치시,201906,9972.833333
세종특별자치시,201907,9909
세종특별자치시,201908,9845.166667
세종특별자치시,201909,9781.333333
세종특별자치시,201910,9717.5
세종특별자치시,201911,9653.666667
세종특별자치시,201912,9589.833333
세종특별자치시,202001,9526
세종특별자치시,202002,9676.083333
세종특별자치시,202003,9826.166667
세종특별자치시,202004,9976.25
세종특별자치시,202005,10126.33333
세종특별자치시,202006,10276.41667
세종특별자치시,202007,10426.5
세종특별자치시,202008,10576.58333
세종특별자치시,202009,10726.66667
세종특별자치시,202010,10876.75
세종특별자치시,202011,11026.83333
세종특별자치시,202012,11176.91667
세종특별자치시,202101,11327
세종특별자치시,202102,11425.75
세종특별자치시,202103,11524.5
세종특별자치시,202104,11623.25
세종특별자치시,202105,11722
세종특별자치시,202106,11820.75
세종특별자치시,202107,11919.5
세종특별자치시,202108,12018.25
세종특별자치시,202109,12117
세종특별자치시,202110,12215.75
세종특별자치시,202111,12314.5
세종특별자치시,202112,12413.25
세종특별자치시,202201,12512
세종특별자치시,202202,12445.29807
세종특별자치시,202203,12525.34384
세종특별자치시,202204,12605.38962
세종특별자치시,202205,12685.4354
세종특별자치시,202206,12765.48117
세종특별자치시,202207,12845.52695
세종특별자치시,202208,12925.57273
세종특별자치시,202209,13005.6185
세종특별자치시,202210,13085.66428
세종특별자치시,202211,13165.71006
세종특별자치시,202212,13245.75583
세종특별자치시,202301,13325.80161
세종특별자치시,202302,13405.84739
세종특별자치시,202303,13485.89316
세종특별자치시,202304,13565.93894
세종특별자치시,202305,13645.98472
세종특별자치시,202306,13726.0305
세종특별자치시,202307,13806.07627
세종특별자치시,202308,13886.12205
세종특별자치시,202309,13966.16783
세종특별자치시,202310,14046.2136
세종특별자치시,202311,14126.25938
세종특별자치시,202312,14206.30516
세종특별자치시,202401,14286.35093
세종특별자치시,202402,14366.39671
경기도,200802,333578.8333
경기도,200803,334467.6667
경기도,200804,335356.5
경기도,200805,336245.3333
경기도,200806,337134.1667
경기도,200807,338023
경기도,200808,338911.8333
경기도,200809,339800.6667
경기도,200810,340689.5
경기도,200811,341578.3333
경기도,200812,342467.1667
경기도,200901,343356
경기도,200902,343809.6667
경기도,200903,344263.3333
경기도,200904,344717
경기도,200905,345170.6667
경기도,200906,345624.3333
경기도,200907,346078
경기도,200908,346531.6667
경기도,200909,346985.3333
경기도,200910,347439
경기도,200911,347892.6667
경기도,200912,348346.3333
경기도,201001,348800
경기도,201002,350968.25
경기도,201003,353136.5
경기도,201004,355304.75
경기도,201005,357473
경기도,201006,359641.25
경기도,201007,361809.5
경기도,201008,363977.75
경기도,201009,366146
경기도,201010,368314.25
경기도,201011,370482.5
경기도,201012,372650.75
경기도,201101,374819
경기도,201102,376417.75
경기도,201103,378016.5
경기도,201104,379615.25
경기도,201105,381214
경기도,201106,382812.75
경기도,201107,384411.5
경기도,201108,386010.25
경기도,201109,387609
경기도,201110,389207.75
경기도,201111,390806.5
경기도,201112,392405.25
경기도,201201,394004
경기도,201202,395680.75
경기도,201203,397357.5
경기도,201204,399034.25
경기도,201205,400711
경기도,201206,402387.75
경기도,201207,404064.5
경기도,201208,405741.25
경기도,201209,407418
경기도,201210,409094.75
경기도,201211,410771.5
경기도,201212,412448.25
경기도,201301,414125
경기도,201302,416570.5833
경기도,201303,419016.1667
경기도,201304,421461.75
경기도,201305,423907.3333
경기도,201306,426352.9167
경기도,201307,428798.5
경기도,201308,431244.0833
경기도,201309,433689.6667
경기도,201310,436135.25
경기도,201311,438580.8333
경기도,201312,441026.4167
경기도,201401,443472
경기도,201402,443770.75
경기도,201403,444069.5
경기도,201404,444368.25
경기도,201405,444667
경기도,201406,444965.75
경기도,201407,445264.5
경기도,201408,445563.25
경기도,201409,445862
경기도,201410,446160.75
경기도,201411,446459.5
경기도,201412,446758.25
경기도,201501,447057
경기도,201502,448855.6667
경기도,201503,450654.3333
경기도,201504,452453
경기도,201505,454251.6667
경기도,201506,456050.3333
경기도,201507,457849
경기도,201508,459647.6667
경기도,201509,461446.3333
경기도,201510,463245
경기도,201511,465043.6667
경기도,201512,466842.3333
경기도,201601,468641
경기도,201602,470593.0833
경기도,201603,472545.1667
경기도,201604,474497.25
경기도,201605,476449.3333
경기도,201606,478401.4167
경기도,201607,480353.5
경기도,201608,482305.5833
경기도,201609,484257.6667
경기도,201610,486209.75
경기도,201611,488161.8333
경기도,201612,490113.9167
경기도,201701,492066
경기도,201702,493005.3333
경기도,201703,493944.6667
경기도,201704,494884
경기도,201705,495823.3333
경기도,201706,496762.6667
경기도,201707,497702
경기도,201708,498641.3333
경기도,201709,499580.6667
경기도,201710,500520
경기도,201711,501459.3333
경기도,201712,502398.6667
경기도,201801,503338
경기도,201802,505596.3333
경기도,201803,507854.6667
경기도,201804,510113
경기도,201805,512371.3333
경기도,201806,514629.6667
경기도,201807,516888
경기도,201808,519146.3333
경기도,201809,521404.6667
경기도,201810,523663
경기도,201811,525921.3333
경기도,201812,528179.6667
경기도,201901,530438
경기도,201902,525325.8333
경기도,201903,520213.6667
경기도,201904,515101.5
경기도,201905,509989.3333
경기도,201906,504877.1667
경기도,201907,499765
경기도,201908,494652.8333
경기도,201909,489540.6667
경기도,201910,484428.5
경기도,201911,479316.3333
경기도,201912,474204.1667
경기도,202001,469092
경기도,202002,473500.25
경기도,202003,477908.5
경기도,202004,482316.75
경기도,202005,486725
경기도,202006,491133.25
경기도,202007,495541.5
경기도,202008,499949.75
경기도,202009,504358
경기도,202010,508766.25
경기도,202011,513174.5
경기도,202012,517582.75
경기도,202101,521991
경기도,202102,524426.4167
경기도,202103,526861.8333
경기도,202104,529297.25
경기도,202105,531732.6667
경기도,202106,534168.0833
경기도,202107,536603.5
경기도,202108,539038.9167
경기도,202109,541474.3333
경기도,202110,543909.75
경기도,202111,546345.1667
경기도,202112,548780.5833
경기도,202201,551216
경기도,202202,551814.454
경기도,202203,553101.9816
경기도,202204,554389.5091
경기도,202205,555677.0367
경기도,202206,556964.5643
경기도,202207,558252.0918
경기도,202208,559539.6194
경기도,202209,560827.147
경기도,202210,562114.6745
경기도,202211,563402.2021
경기도,202212,564689.7296
경기도,202301,565977.2572
경기도,202302,567264.7848
경기도,202303,568552.3123
경기도,202304,569839.8399
경기도,202305,571127.3675
경기도,202306,572414.895
경기도,202307,573702.4226
경기도,202308,574989.9501
경기도,202309,576277.4777
경기도,202310,577565.0053
경기도,202311,578852.5328
경기도,202312,580140.0604
경기도,202401,581427.588
경기도,202402,582715.1155
강원도,200802,45093.5
강원도,200803,45150
강원도,200804,45206.5
강원도,200805,45263
강원도,200806,45319.5
강원도,200807,45376
강원도,200808,45432.5
강원도,200809,45489
강원도,200810,45545.5
강원도,200811,45602
강원도,200812,45658.5
강원도,200901,45715
강원도,200902,45735.25
강원도,200903,45755.5
강원도,200904,45775.75
강원도,200905,45796
강원도,200906,45816.25
강원도,200907,45836.5
강원도,200908,45856.75
강원도,200909,45877
강원도,200910,45897.25
강원도,200911,45917.5
강원도,200912,45937.75
강원도,201001,45958
강원도,201002,46066
강원도,201003,46174
강원도,201004,46282
강원도,201005,46390
강원도,201006,46498
강원도,201007,46606
강원도,201008,46714
강원도,201009,46822
강원도,201010,46930
강원도,201011,47038
강원도,201012,47146
강원도,201101,47254
강원도,201102,47484.41667
강원도,201103,47714.83333
강원도,201104,47945.25
강원도,201105,48175.66667
강원도,201106,48406.08333
강원도,201107,48636.5
강원도,201108,48866.91667
강원도,201109,49097.33333
강원도,201110,49327.75
강원도,201111,49558.16667
강원도,201112,49788.58333
강원도,201201,50019
강원도,201202,50264
강원도,201203,50509
강원도,201204,50754
강원도,201205,50999
강원도,201206,51244
강원도,201207,51489
강원도,201208,51734
강원도,201209,51979
강원도,201210,52224
강원도,201211,52469
강원도,201212,52714
강원도,201301,52959
강원도,201302,53147.83333
강원도,201303,53336.66667
강원도,201304,53525.5
강원도,201305,53714.33333
강원도,201306,53903.16667
강원도,201307,54092
강원도,201308,54280.83333
강원도,201309,54469.66667
강원도,201310,54658.5
강원도,201311,54847.33333
강원도,201312,55036.16667
강원도,201401,55225
강원도,201402,55245.16667
강원도,201403,55265.33333
강원도,201404,55285.5
강원도,201405,55305.66667
강원도,201406,55325.83333
강원도,201407,55346
강원도,201408,55366.16667
강원도,201409,55386.33333
강원도,201410,55406.5
강원도,201411,55426.66667
강원도,201412,55446.83333
강원도,201501,55467
강원도,201502,55600.5
강원도,201503,55734
강원도,201504,55867.5
강원도,201505,56001
강원도,201506,56134.5
강원도,201507,56268
강원도,201508,56401.5
강원도,201509,56535
강원도,201510,56668.5
강원도,201511,56802
강원도,201512,56935.5
강원도,201601,57069
강원도,201602,57294.16667
강원도,201603,57519.33333
강원도,201604,57744.5
강원도,201605,57969.66667
강원도,201606,58194.83333
강원도,201607,58420
강원도,201608,58645.16667
강원도,201609,58870.33333
강원도,201610,59095.5
강원도,201611,59320.66667
강원도,201612,59545.83333
강원도,201701,59771
강원도,201702,59884
강원도,201703,59997
강원도,201704,60110
강원도,201705,60223
강원도,201706,60336
강원도,201707,60449
강원도,201708,60562
강원도,201709,60675
강원도,201710,60788
강원도,201711,60901
강원도,201712,61014
강원도,201801,61127
강원도,201802,61508.16667
강원도,201803,61889.33333
강원도,201804,62270.5
강원도,201805,62651.66667
강원도,201806,63032.83333
강원도,201807,63414
강원도,201808,63795.16667
강원도,201809,64176.33333
강원도,201810,64557.5
강원도,201811,64938.66667
강원도,201812,65319.83333
강원도,201901,65701
강원도,201902,64962.66667
강원도,201903,64224.33333
강원도,201904,63486
강원도,201905,62747.66667
강원도,201906,62009.33333
강원도,201907,61271
강원도,201908,60532.66667
강원도,201909,59794.33333
강원도,201910,59056
강원도,201911,58317.66667
강원도,201912,57579.33333
강원도,202001,56841
강원도,202002,57014.83333
강원도,202003,57188.66667
강원도,202004,57362.5
강원도,202005,57536.33333
강원도,202006,57710.16667
강원도,202007,57884
강원도,202008,58057.83333
강원도,202009,58231.66667
강원도,202010,58405.5
강원도,202011,58579.33333
강원도,202012,58753.16667
강원도,202101,58927
강원도,202102,59221.33333
강원도,202103,59515.66667
강원도,202104,59810
강원도,202105,60104.33333
강원도,202106,60398.66667
강원도,202107,60693
강원도,202108,60987.33333
강원도,202109,61281.66667
강원도,202110,61576
강원도,202111,61870.33333
강원도,202112,62164.66667
강원도,202201,62459
강원도,202202,64413.39015
강원도,202203,64527.74395
강원도,202204,64642.09775
강원도,202205,64756.45155
강원도,202206,64870.80535
강원도,202207,64985.15915
강원도,202208,65099.51295
강원도,202209,65213.86675
강원도,202210,65328.22055
강원도,202211,65442.57435
강원도,202212,65556.92815
강원도,202301,65671.28195
강원도,202302,65785.63575
강원도,202303,65899.98955
강원도,202304,66014.34335
강원도,202305,66128.69715
강원도,202306,66243.05095
강원도,202307,66357.40475
강원도,202308,66471.75855
강원도,202309,66586.11235
강원도,202310,66700.46615
강원도,202311,66814.81995
강원도,202312,66929.17375
강원도,202401,67043.52755
강원도,202402,67157.88135
충청북도,200802,45093.5
충청북도,200803,45150
충청북도,200804,45206.5
충청북도,200805,45263
충청북도,200806,45319.5
충청북도,200807,45376
충청북도,200808,45432.5
충청북도,200809,45489
충청북도,200810,45545.5
충청북도,200811,45602
충청북도,200812,45658.5
충청북도,200901,45715
충청북도,200902,45735.25
충청북도,200903,45755.5
충청북도,200904,45775.75
충청북도,200905,45796
충청북도,200906,45816.25
충청북도,200907,45836.5
충청북도,200908,45856.75
충청북도,200909,45877
충청북도,200910,45897.25
충청북도,200911,45917.5
충청북도,200912,45937.75
충청북도,201001,45958
충청북도,201002,46066
충청북도,201003,46174
충청북도,201004,46282
충청북도,201005,46390
충청북도,201006,46498
충청북도,201007,46606
충청북도,201008,46714
충청북도,201009,46822
충청북도,201010,46930
충청북도,201011,47038
충청북도,201012,47146
충청북도,201101,47254
충청북도,201102,47484.41667
충청북도,201103,47714.83333
충청북도,201104,47945.25
충청북도,201105,48175.66667
충청북도,201106,48406.08333
충청북도,201107,48636.5
충청북도,201108,48866.91667
충청북도,201109,49097.33333
충청북도,201110,49327.75
충청북도,201111,49558.16667
충청북도,201112,49788.58333
충청북도,201201,50019
충청북도,201202,50264
충청북도,201203,50509
충청북도,201204,50754
충청북도,201205,50999
충청북도,201206,51244
충청북도,201207,51489
충청북도,201208,51734
충청북도,201209,51979
충청북도,201210,52224
충청북도,201211,52469
충청북도,201212,52714
충청북도,201301,52959
충청북도,201302,53147.83333
충청북도,201303,53336.66667
충청북도,201304,53525.5
충청북도,201305,53714.33333
충청북도,201306,53903.16667
충청북도,201307,54092
충청북도,201308,54280.83333
충청북도,201309,54469.66667
충청북도,201310,54658.5
충청북도,201311,54847.33333
충청북도,201312,55036.16667
충청북도,201401,55225
충청북도,201402,55245.16667
충청북도,201403,55265.33333
충청북도,201404,55285.5
충청북도,201405,55305.66667
충청북도,201406,55325.83333
충청북도,201407,55346
충청북도,201408,55366.16667
충청북도,201409,55386.33333
충청북도,201410,55406.5
충청북도,201411,55426.66667
충청북도,201412,55446.83333
충청북도,201501,55467
충청북도,201502,55600.5
충청북도,201503,55734
충청북도,201504,55867.5
충청북도,201505,56001
충청북도,201506,56134.5
충청북도,201507,56268
충청북도,201508,56401.5
충청북도,201509,56535
충청북도,201510,56668.5
충청북도,201511,56802
충청북도,201512,56935.5
충청북도,201601,57069
충청북도,201602,57294.16667
충청북도,201603,57519.33333
충청북도,201604,57744.5
충청북도,201605,57969.66667
충청북도,201606,58194.83333
충청북도,201607,58420
충청북도,201608,58645.16667
충청북도,201609,58870.33333
충청북도,201610,59095.5
충청북도,201611,59320.66667
충청북도,201612,59545.83333
충청북도,201701,59771
충청북도,201702,59884
충청북도,201703,59997
충청북도,201704,60110
충청북도,201705,60223
충청북도,201706,60336
충청북도,201707,60449
충청북도,201708,60562
충청북도,201709,60675
충청북도,201710,60788
충청북도,201711,60901
충청북도,201712,61014
충청북도,201801,61127
충청북도,201802,61508.16667
충청북도,201803,61889.33333
충청북도,201804,62270.5
충청북도,201805,62651.66667
충청북도,201806,63032.83333
충청북도,201807,63414
충청북도,201808,63795.16667
충청북도,201809,64176.33333
충청북도,201810,64557.5
충청북도,201811,64938.66667
충청북도,201812,65319.83333
충청북도,201901,65701
충청북도,201902,64962.66667
충청북도,201903,64224.33333
충청북도,201904,63486
충청북도,201905,62747.66667
충청북도,201906,62009.33333
충청북도,201907,61271
충청북도,201908,60532.66667
충청북도,201909,59794.33333
충청북도,201910,59056
충청북도,201911,58317.66667
충청북도,201912,57579.33333
충청북도,202001,56841
충청북도,202002,57014.83333
충청북도,202003,57188.66667
충청북도,202004,57362.5
충청북도,202005,57536.33333
충청북도,202006,57710.16667
충청북도,202007,57884
충청북도,202008,58057.83333
충청북도,202009,58231.66667
충청북도,202010,58405.5
충청북도,202011,58579.33333
충청북도,202012,58753.16667
충청북도,202101,58927
충청북도,202102,59221.33333
충청북도,202103,59515.66667
충청북도,202104,59810
충청북도,202105,60104.33333
충청북도,202106,60398.66667
충청북도,202107,60693
충청북도,202108,60987.33333
충청북도,202109,61281.66667
충청북도,202110,61576
충청북도,202111,61870.33333
충청북도,202112,62164.66667
충청북도,202201,62459
충청북도,202202,64413.39015
충청북도,202203,64527.74395
충청북도,202204,64642.09775
충청북도,202205,64756.45155
충청북도,202206,64870.80535
충청북도,202207,64985.15915
충청북도,202208,65099.51295
충청북도,202209,65213.86675
충청북도,202210,65328.22055
충청북도,202211,65442.57435
충청북도,202212,65556.92815
충청북도,202301,65671.28195
충청북도,202302,65785.63575
충청북도,202303,65899.98955
충청북도,202304,66014.34335
충청북도,202305,66128.69715
충청북도,202306,66243.05095
충청북도,202307,66357.40475
충청북도,202308,66471.75855
충청북도,202309,66586.11235
충청북도,202310,66700.46615
충청북도,202311,66814.81995
충청북도,202312,66929.17375
충청북도,202401,67043.52755
충청북도,202402,67157.88135
충청남도,200802,53447.16667
충청남도,200803,53430.33333
충청남도,200804,53413.5
충청남도,200805,53396.66667
충청남도,200806,53379.83333
충청남도,200807,53363
충청남도,200808,53346.16667
충청남도,200809,53329.33333
충청남도,200810,53312.5
충청남도,200811,53295.66667
충청남도,200812,53278.83333
충청남도,200901,53262
충청남도,200902,53470.5
충청남도,200903,53679
충청남도,200904,53887.5
충청남도,200905,54096
충청남도,200906,54304.5
충청남도,200907,54513
충청남도,200908,54721.5
충청남도,200909,54930
충청남도,200910,55138.5
충청남도,200911,55347
충청남도,200912,55555.5
충청남도,201001,55764
충청남도,201002,56038.58333
충청남도,201003,56313.16667
충청남도,201004,56587.75
충청남도,201005,56862.33333
충청남도,201006,57136.91667
충청남도,201007,57411.5
충청남도,201008,57686.08333
충청남도,201009,57960.66667
충청남도,201010,58235.25
충청남도,201011,58509.83333
충청남도,201012,58784.41667
충청남도,201101,59059
충청남도,201102,59175.5
충청남도,201103,59292
충청남도,201104,59408.5
충청남도,201105,59525
충청남도,201106,59641.5
충청남도,201107,59758
충청남도,201108,59874.5
충청남도,201109,59991
충청남도,201110,60107.5
충청남도,201111,60224
충청남도,201112,60340.5
충청남도,201201,60457
충청남도,201202,60721.66667
충청남도,201203,60986.33333
충청남도,201204,61251
충청남도,201205,61515.66667
충청남도,201206,61780.33333
충청남도,201207,62045
충청남도,201208,62309.66667
충청남도,201209,62574.33333
충청남도,201210,62839
충청남도,201211,63103.66667
충청남도,201212,63368.33333
충청남도,201301,63633
충청남도,201302,64008.08333
충청남도,201303,64383.16667
충청남도,201304,64758.25
충청남도,201305,65133.33333
충청남도,201306,65508.41667
충청남도,201307,65883.5
충청남도,201308,66258.58333
충청남도,201309,66633.66667
충청남도,201310,67008.75
충청남도,201311,67383.83333
충청남도,201312,67758.91667
충청남도,201401,68134
충청남도,201402,68441.66667
충청남도,201403,68749.33333
충청남도,201404,69057
충청남도,201405,69364.66667
충청남도,201406,69672.33333
충청남도,201407,69980
충청남도,201408,70287.66667
충청남도,201409,70595.33333
충청남도,201410,70903
충청남도,201411,71210.66667
충청남도,201412,71518.33333
충청남도,201501,71826
충청남도,201502,72027.91667
충청남도,201503,72229.83333
충청남도,201504,72431.75
충청남도,201505,72633.66667
충청남도,201506,72835.58333
충청남도,201507,73037.5
충청남도,201508,73239.41667
충청남도,201509,73441.33333
충청남도,201510,73643.25
충청남도,201511,73845.16667
충청남도,201512,74047.08333
충청남도,201601,74249
충청남도,201602,74497.5
충청남도,201603,74746
충청남도,201604,74994.5
충청남도,201605,75243
충청남도,201606,75491.5
충청남도,201607,75740
충청남도,201608,75988.5
충청남도,201609,76237
충청남도,201610,76485.5
충청남도,201611,76734
충청남도,201612,76982.5
충청남도,201701,77231
충청남도,201702,77319.58333
충청남도,201703,77408.16667
충청남도,201704,77496.75
충청남도,201705,77585.33333
충청남도,201706,77673.91667
충청남도,201707,77762.5
충청남도,201708,77851.08333
충청남도,201709,77939.66667
충청남도,201710,78028.25
충청남도,201711,78116.83333
충청남도,201712,78205.41667
충청남도,201801,78294
충청남도,201802,78974.08333
충청남도,201803,79654.16667
충청남도,201804,80334.25
충청남도,201805,81014.33333
충청남도,201806,81694.41667
충청남도,201807,82374.5
충청남도,201808,83054.58333
충청남도,201809,83734.66667
충청남도,201810,84414.75
충청남도,201811,85094.83333
충청남도,201812,85774.91667
충청남도,201901,86455
충청남도,201902,85436.58333
충청남도,201903,84418.16667
충청남도,201904,83399.75
충청남도,201905,82381.33333
충청남도,201906,81362.91667
충청남도,201907,80344.5
충청남도,201908,79326.08333
충청남도,201909,78307.66667
충청남도,201910,77289.25
충청남도,201911,76270.83333
충청남도,201912,75252.41667
충청남도,202001,74234
충청남도,202002,74629.91667
충청남도,202003,75025.83333
충청남도,202004,75421.75
충청남도,202005,75817.66667
충청남도,202006,76213.58333
충청남도,202007,76609.5
충청남도,202008,77005.41667
충청남도,202009,77401.33333
충청남도,202010,77797.25
충청남도,202011,78193.16667
충청남도,202012,78589.08333
충청남도,202101,78985
충청남도,202102,79487.5
충청남도,202103,79990
충청남도,202104,80492.5
충청남도,202105,80995
충청남도,202106,81497.5
충청남도,202107,82000
충청남도,202108,82502.5
충청남도,202109,83005
충청남도,202110,83507.5
충청남도,202111,84010
충청남도,202112,84512.5
충청남도,202201,85015
충청남도,202202,86320.01059
충청남도,202203,86519.79336
충청남도,202204,86719.57614
충청남도,202205,86919.35891
충청남도,202206,87119.14169
충청남도,202207,87318.92446
충청남도,202208,87518.70724
충청남도,202209,87718.49001
충청남도,202210,87918.27279
충청남도,202211,88118.05556
충청남도,202212,88317.83834
충청남도,202301,88517.62111
충청남도,202302,88717.40389
충청남도,202303,88917.18667
충청남도,202304,89116.96944
충청남도,202305,89316.75222
충청남도,202306,89516.53499
충청남도,202307,89716.31777
충청남도,202308,89916.10054
충청남도,202309,90115.88332
충청남도,202310,90315.66609
충청남도,202311,90515.44887
충청남도,202312,90715.23164
충청남도,202401,90915.01442
충청남도,202402,91114.79719
전북특별자치도,200802,48900.16667
전북특별자치도,200803,49072.33333
전북특별자치도,200804,49244.5
전북특별자치도,200805,49416.66667
전북특별자치도,200806,49588.83333
전북특별자치도,200807,49761
전북특별자치도,200808,49933.16667
전북특별자치도,200809,50105.33333
전북특별자치도,200810,50277.5
전북특별자치도,200811,50449.66667
전북특별자치도,200812,50621.83333
전북특별자치도,200901,50794
전북특별자치도,200902,50833
전북특별자치도,200903,50872
전북특별자치도,200904,50911
전북특별자치도,200905,50950
전북특별자치도,200906,50989
전북특별자치도,200907,51028
전북특별자치도,200908,51067
전북특별자치도,200909,51106
전북특별자치도,200910,51145
전북특별자치도,200911,51184
전북특별자치도,200912,51223
전북특별자치도,201001,51262
전북특별자치도,201002,51553.66667
전북특별자치도,201003,51845.33333
전북특별자치도,201004,52137
전북특별자치도,201005,52428.66667
전북특별자치도,201006,52720.33333
전북특별자치도,201007,53012
전북특별자치도,201008,53303.66667
전북특별자치도,201009,53595.33333
전북특별자치도,201010,53887
전북특별자치도,201011,54178.66667
전북특별자치도,201012,54470.33333
전북특별자치도,201101,54762
전북특별자치도,201102,54992.08333
전북특별자치도,201103,55222.16667
전북특별자치도,201104,55452.25
전북특별자치도,201105,55682.33333
전북특별자치도,201106,55912.41667
전북특별자치도,201107,56142.5
전북특별자치도,201108,56372.58333
전북특별자치도,201109,56602.66667
전북특별자치도,201110,56832.75
전북특별자치도,201111,57062.83333
전북특별자치도,201112,57292.91667
전북특별자치도,201201,57523
전북특별자치도,201202,57687.58333
전북특별자치도,201203,57852.16667
전북특별자치도,201204,58016.75
전북특별자치도,201205,58181.33333
전북특별자치도,201206,58345.91667
전북특별자치도,201207,58510.5
전북특별자치도,201208,58675.08333
전북특별자치도,201209,58839.66667
전북특별자치도,201210,59004.25
전북특별자치도,201211,59168.83333
전북특별자치도,201212,59333.41667
전북특별자치도,201301,59498
전북특별자치도,201302,59738.66667
전북특별자치도,201303,59979.33333
전북특별자치도,201304,60220
전북특별자치도,201305,60460.66667
전북특별자치도,201306,60701.33333
전북특별자치도,201307,60942
전북특별자치도,201308,61182.66667
전북특별자치도,201309,61423.33333
전북특별자치도,201310,61664
전북특별자치도,201311,61904.66667
전북특별자치도,201312,62145.33333
전북특별자치도,201401,62386
전북특별자치도,201402,62484.33333
전북특별자치도,201403,62582.66667
전북특별자치도,201404,62681
전북특별자치도,201405,62779.33333
전북특별자치도,201406,62877.66667
전북특별자치도,201407,62976
전북특별자치도,201408,63074.33333
전북특별자치도,201409,63172.66667
전북특별자치도,201410,63271
전북특별자치도,201411,63369.33333
전북특별자치도,201412,63467.66667
전북특별자치도,201501,63566
전북특별자치도,201502,63659.41667
전북특별자치도,201503,63752.83333
전북특별자치도,201504,63846.25
전북특별자치도,201505,63939.66667
전북특별자치도,201506,64033.08333
전북특별자치도,201507,64126.5
전북특별자치도,201508,64219.91667
전북특별자치도,201509,64313.33333
전북특별자치도,201510,64406.75
전북특별자치도,201511,64500.16667
전북특별자치도,201512,64593.58333
전북특별자치도,201601,64687
전북특별자치도,201602,64808.75
전북특별자치도,201603,64930.5
전북특별자치도,201604,65052.25
전북특별자치도,201605,65174
전북특별자치도,201606,65295.75
전북특별자치도,201607,65417.5
전북특별자치도,201608,65539.25
전북특별자치도,201609,65661
전북특별자치도,201610,65782.75
전북특별자치도,201611,65904.5
전북특별자치도,201612,66026.25
전북특별자치도,201701,66148
전북특별자치도,201702,66192.66667
전북특별자치도,201703,66237.33333
전북특별자치도,201704,66282
전북특별자치도,201705,66326.66667
전북특별자치도,201706,66371.33333
전북특별자치도,201707,66416
전북특별자치도,201708,66460.66667
전북특별자치도,201709,66505.33333
전북특별자치도,201710,66550
전북특별자치도,201711,66594.66667
전북특별자치도,201712,66639.33333
전북특별자치도,201801,66684
전북특별자치도,201802,67108.75
전북특별자치도,201803,67533.5
전북특별자치도,201804,67958.25
전북특별자치도,201805,68383
전북특별자치도,201806,68807.75
전북특별자치도,201807,69232.5
전북특별자치도,201808,69657.25
전북특별자치도,201809,70082
전북특별자치도,201810,70506.75
전북특별자치도,201811,70931.5
전북특별자치도,201812,71356.25
전북특별자치도,201901,71781
전북특별자치도,201902,71014.58333
전북특별자치도,201903,70248.16667
전북특별자치도,201904,69481.75
전북특별자치도,201905,68715.33333
전북특별자치도,201906,67948.91667
전북특별자치도,201907,67182.5
전북특별자치도,201908,66416.08333
전북특별자치도,201909,65649.66667
전북특별자치도,201910,64883.25
전북특별자치도,201911,64116.83333
전북특별자치도,201912,63350.41667
전북특별자치도,202001,62584
전북특별자치도,202002,62836
전북특별자치도,202003,63088
전북특별자치도,202004,63340
전북특별자치도,202005,63592
전북특별자치도,202006,63844
전북특별자치도,202007,64096
전북특별자치도,202008,64348
전북특별자치도,202009,64600
전북특별자치도,202010,64852
전북특별자치도,202011,65104
전북특별자치도,202012,65356
전북특별자치도,202101,65608
전북특별자치도,202102,65822.58333
전북특별자치도,202103,66037.16667
전북특별자치도,202104,66251.75
전북특별자치도,202105,66466.33333
전북특별자치도,202106,66680.91667
전북특별자치도,202107,66895.5
전북특별자치도,202108,67110.08333
전북특별자치도,202109,67324.66667
전북특별자치도,202110,67539.25
전북특별자치도,202111,67753.83333
전북특별자치도,202112,67968.41667
전북특별자치도,202201,68183
전북특별자치도,202202,71034.68638
전북특별자치도,202203,71151.28527
전북특별자치도,202204,71267.88415
전북특별자치도,202205,71384.48304
전북특별자치도,202206,71501.08193
전북특별자치도,202207,71617.68082
전북특별자치도,202208,71734.2797
전북특별자치도,202209,71850.87859
전북특별자치도,202210,71967.47748
전북특별자치도,202211,72084.07637
전북특별자치도,202212,72200.67526
전북특별자치도,202301,72317.27414
전북특별자치도,202302,72433.87303
전북특별자치도,202303,72550.47192
전북특별자치도,202304,72667.07081
전북특별자치도,202305,72783.66969
전북특별자치도,202306,72900.26858
전북특별자치도,202307,73016.86747
전북특별자치도,202308,73133.46636
전북특별자치도,202309,73250.06525
전북특별자치도,202310,73366.66413
전북특별자치도,202311,73483.26302
전북특별자치도,202312,73599.86191
전북특별자치도,202401,73716.4608
전북특별자치도,202402,73833.05968
전라남도,200802,49245.08333
전라남도,200803,49318.16667
전라남도,200804,49391.25
전라남도,200805,49464.33333
전라남도,200806,49537.41667
전라남도,200807,49610.5
전라남도,200808,49683.58333
전라남도,200809,49756.66667
전라남도,200810,49829.75
전라남도,200811,49902.83333
전라남도,200812,49975.91667
전라남도,200901,50049
전라남도,200902,50061.66667
전라남도,200903,50074.33333
전라남도,200904,50087
전라남도,200905,50099.66667
전라남도,200906,50112.33333
전라남도,200907,50125
전라남도,200908,50137.66667
전라남도,200909,50150.33333
전라남도,200910,50163
전라남도,200911,50175.66667
전라남도,200912,50188.33333
전라남도,201001,50201
전라남도,201002,50371
전라남도,201003,50541
전라남도,201004,50711
전라남도,201005,50881
전라남도,201006,51051
전라남도,201007,51221
전라남도,201008,51391
전라남도,201009,51561
전라남도,201010,51731
전라남도,201011,51901
전라남도,201012,52071
전라남도,201101,52241
전라남도,201102,52418.91667
전라남도,201103,52596.83333
전라남도,201104,52774.75
전라남도,201105,52952.66667
전라남도,201106,53130.58333
전라남도,201107,53308.5
전라남도,201108,53486.41667
전라남도,201109,53664.33333
전라남도,201110,53842.25
전라남도,201111,54020.16667
전라남도,201112,54198.08333
전라남도,201201,54376
전라남도,201202,54629
전라남도,201203,54882
전라남도,201204,55135
전라남도,201205,55388
전라남도,201206,55641
전라남도,201207,55894
전라남도,201208,56147
전라남도,201209,56400
전라남도,201210,56653
전라남도,201211,56906
전라남도,201212,57159
전라남도,201301,57412
전라남도,201302,57729.25
전라남도,201303,58046.5
전라남도,201304,58363.75
전라남도,201305,58681
전라남도,201306,58998.25
전라남도,201307,59315.5
전라남도,201308,59632.75
전라남도,201309,59950
전라남도,201310,60267.25
전라남도,201311,60584.5
전라남도,201312,60901.75
전라남도,201401,61219
전라남도,201402,61284.83333
전라남도,201403,61350.66667
전라남도,201404,61416.5
전라남도,201405,61482.33333
전라남도,201406,61548.16667
전라남도,201407,61614
전라남도,201408,61679.83333
전라남도,201409,61745.66667
전라남도,201410,61811.5
전라남도,201411,61877.33333
전라남도,201412,61943.16667
전라남도,201501,62009
전라남도,201502,62144.08333
전라남도,201503,62279.16667
전라남도,201504,62414.25
전라남도,201505,62549.33333
전라남도,201506,62684.41667
전라남도,201507,62819.5
전라남도,201508,62954.58333
전라남도,201509,63089.66667
전라남도,201510,63224.75
전라남도,201511,63359.83333
전라남도,201512,63494.91667
전라남도,201601,63630
전라남도,201602,63872.75
전라남도,201603,64115.5
전라남도,201604,64358.25
전라남도,201605,64601
전라남도,201606,64843.75
전라남도,201607,65086.5
전라남도,201608,65329.25
전라남도,201609,65572
전라남도,201610,65814.75
전라남도,201611,66057.5
전라남도,201612,66300.25
전라남도,201701,66543
전라남도,201702,66658.66667
전라남도,201703,66774.33333
전라남도,201704,66890
전라남도,201705,67005.66667
전라남도,201706,67121.33333
전라남도,201707,67237
전라남도,201708,67352.66667
전라남도,201709,67468.33333
전라남도,201710,67584
전라남도,201711,67699.66667
전라남도,201712,67815.33333
전라남도,201801,67931
전라남도,201802,68369.75
전라남도,201803,68808.5
전라남도,201804,69247.25
전라남도,201805,69686
전라남도,201806,70124.75
전라남도,201807,70563.5
전라남도,201808,71002.25
전라남도,201809,71441
전라남도,201810,71879.75
전라남도,201811,72318.5
전라남도,201812,72757.25
전라남도,201901,73196
전라남도,201902,72448.25
전라남도,201903,71700.5
전라남도,201904,70952.75
전라남도,201905,70205
전라남도,201906,69457.25
전라남도,201907,68709.5
전라남도,201908,67961.75
전라남도,201909,67214
전라남도,201910,66466.25
전라남도,201911,65718.5
전라남도,201912,64970.75
전라남도,202001,64223
전라남도,202002,64474.25
전라남도,202003,64725.5
전라남도,202004,64976.75
전라남도,202005,65228
전라남도,202006,65479.25
전라남도,202007,65730.5
전라남도,202008,65981.75
전라남도,202009,66233
전라남도,202010,66484.25
전라남도,202011,66735.5
전라남도,202012,66986.75
전라남도,202101,67238
전라남도,202102,67604.25
전라남도,202103,67970.5
전라남도,202104,68336.75
전라남도,202105,68703
전라남도,202106,69069.25
전라남도,202107,69435.5
전라남도,202108,69801.75
전라남도,202109,70168
전라남도,202110,70534.25
전라남도,202111,70900.5
전라남도,202112,71266.75
전라남도,202201,71633
전라남도,202202,72933.19343
전라남도,202203,73076.43801
전라남도,202204,73219.68259
전라남도,202205,73362.92716
전라남도,202206,73506.17174
전라남도,202207,73649.41631
전라남도,202208,73792.66089
전라남도,202209,73935.90546
전라남도,202210,74079.15004
전라남도,202211,74222.39462
전라남도,202212,74365.63919
전라남도,202301,74508.88377
전라남도,202302,74652.12834
전라남도,202303,74795.37292
전라남도,202304,74938.61749
전라남도,202305,75081.86207
전라남도,202306,75225.10665
전라남도,202307,75368.35122
전라남도,202308,75511.5958
전라남도,202309,75654.84037
전라남도,202310,75798.08495
전라남도,202311,75941.32952
전라남도,202312,76084.5741
전라남도,202401,76227.81868
전라남도,202402,76371.06325
경상북도,200802,69963.66667
경상북도,200803,70072.33333
경상북도,200804,70181
경상북도,200805,70289.66667
경상북도,200806,70398.33333
경상북도,200807,70507
경상북도,200808,70615.66667
경상북도,200809,70724.33333
경상북도,200810,70833
경상북도,200811,70941.66667
경상북도,200812,71050.33333
경상북도,200901,71159
경상북도,200902,71295.5
경상북도,200903,71432
경상북도,200904,71568.5
경상북도,200905,71705
경상북도,200906,71841.5
경상북도,200907,71978
경상북도,200908,72114.5
경상북도,200909,72251
경상북도,200910,72387.5
경상북도,200911,72524
경상북도,200912,72660.5
경상북도,201001,72797
경상북도,201002,73070
경상북도,201003,73343
경상북도,201004,73616
경상북도,201005,73889
경상북도,201006,74162
경상북도,201007,74435
경상북도,201008,74708
경상북도,201009,74981
경상북도,201010,75254
경상북도,201011,75527
경상북도,201012,75800
경상북도,201101,76073
경상북도,201102,76316.5
경상북도,201103,76560
경상북도,201104,76803.5
경상북도,201105,77047
경상북도,201106,77290.5
경상북도,201107,77534
경상북도,201108,77777.5
경상북도,201109,78021
경상북도,201110,78264.5
경상북도,201111,78508
경상북도,201112,78751.5
경상북도,201201,78995
경상북도,201202,79363.33333
경상북도,201203,79731.66667
경상북도,201204,80100
경상북도,201205,80468.33333
경상북도,201206,80836.66667
경상북도,201207,81205
경상북도,201208,81573.33333
경상북도,201209,81941.66667
경상북도,201210,82310
경상북도,201211,82678.33333
경상북도,201212,83046.66667
경상북도,201301,83415
경상북도,201302,83858.08333
경상북도,201303,84301.16667
경상북도,201304,84744.25
경상북도,201305,85187.33333
경상북도,201306,85630.41667
경상북도,201307,86073.5
경상북도,201308,86516.58333
경상북도,201309,86959.66667
경상북도,201310,87402.75
경상북도,201311,87845.83333
경상북도,201312,88288.91667
경상북도,201401,88732
경상북도,201402,88976.58333
경상북도,201403,89221.16667
경상북도,201404,89465.75
경상북도,201405,89710.33333
경상북도,201406,89954.91667
경상북도,201407,90199.5
경상북도,201408,90444.08333
경상북도,201409,90688.66667
경상북도,201410,90933.25
경상북도,201411,91177.83333
경상북도,201412,91422.41667
경상북도,201501,91667
경상북도,201502,91850.25
경상북도,201503,92033.5
경상북도,201504,92216.75
경상북도,201505,92400
경상북도,201506,92583.25
경상북도,201507,92766.5
경상북도,201508,92949.75
경상북도,201509,93133
경상북도,201510,93316.25
경상북도,201511,93499.5
경상북도,201512,93682.75
경상북도,201601,93866
경상북도,201602,94041.16667
경상북도,201603,94216.33333
경상북도,201604,94391.5
경상북도,201605,94566.66667
경상북도,201606,94741.83333
경상북도,201607,94917
경상북도,201608,95092.16667
경상북도,201609,95267.33333
경상북도,201610,95442.5
경상북도,201611,95617.66667
경상북도,201612,95792.83333
경상북도,201701,95968
경상북도,201702,96102
경상북도,201703,96236
경상북도,201704,96370
경상북도,201705,96504
경상북도,201706,96638
경상북도,201707,96772
경상북도,201708,96906
경상북도,201709,97040
경상북도,201710,97174
경상북도,201711,97308
경상북도,201712,97442
경상북도,201801,97576
경상북도,201802,98150.16667
경상북도,201803,98724.33333
경상북도,201804,99298.5
경상북도,201805,99872.66667
경상북도,201806,100446.8333
경상북도,201807,101021
경상북도,201808,101595.1667
경상북도,201809,102169.3333
경상북도,201810,102743.5
경상북도,201811,103317.6667
경상북도,201812,103891.8333
경상북도,201901,104466
경상북도,201902,103202.0833
경상북도,201903,101938.1667
경상북도,201904,100674.25
경상북도,201905,99410.33333
경상북도,201906,98146.41667
경상북도,201907,96882.5
경상북도,201908,95618.58333
경상북도,201909,94354.66667
경상북도,201910,93090.75
경상북도,201911,91826.83333
경상북도,201912,90562.91667
경상북도,202001,89299
경상북도,202002,89703.91667
경상북도,202003,90108.83333
경상북도,202004,90513.75
경상북도,202005,90918.66667
경상북도,202006,91323.58333
경상북도,202007,91728.5
경상북도,202008,92133.41667
경상북도,202009,92538.33333
경상북도,202010,92943.25
경상북도,202011,93348.16667
경상북도,202012,93753.08333
경상북도,202101,94158
경상북도,202102,94609.08333
경상북도,202103,95060.16667
경상북도,202104,95511.25
경상북도,202105,95962.33333
경상북도,202106,96413.41667
경상북도,202107,96864.5
경상북도,202108,97315.58333
경상북도,202109,97766.66667
경상북도,202110,98217.75
경상북도,202111,98668.83333
경상북도,202112,99119.91667
경상북도,202201,99571
경상북도,202202,103375.768
경상북도,202203,103564.389
경상북도,202204,103753.0099
경상북도,202205,103941.6309
경상북도,202206,104130.2518
경상북도,202207,104318.8728
경상북도,202208,104507.4937
경상북도,202209,104696.1147
경상북도,202210,104884.7356
경상북도,202211,105073.3566
경상북도,202212,105261.9776
경상북도,202301,105450.5985
경상북도,202302,105639.2195
경상북도,202303,105827.8404
경상북도,202304,106016.4614
경상북도,202305,106205.0823
경상북도,202306,106393.7033
경상북도,202307,106582.3242
경상북도,202308,106770.9452
경상북도,202309,106959.5661
경상북도,202310,107148.1871
경상북도,202311,107336.808
경상북도,202312,107525.429
경상북도,202401,107714.0499
경상북도,202402,107902.6709
경상남도,200802,95167.75
경상남도,200803,95337.5
경상남도,200804,95507.25
경상남도,200805,95677
경상남도,200806,95846.75
경상남도,200807,96016.5
경상남도,200808,96186.25
경상남도,200809,96356
경상남도,200810,96525.75
경상남도,200811,96695.5
경상남도,200812,96865.25
경상남도,200901,97035
경상남도,200902,97203.91667
경상남도,200903,97372.83333
경상남도,200904,97541.75
경상남도,200905,97710.66667
경상남도,200906,97879.58333
경상남도,200907,98048.5
경상남도,200908,98217.41667
경상남도,200909,98386.33333
경상남도,200910,98555.25
경상남도,200911,98724.16667
경상남도,200912,98893.08333
경상남도,201001,99062
경상남도,201002,99464.91667
경상남도,201003,99867.83333
경상남도,201004,100270.75
경상남도,201005,100673.6667
경상남도,201006,101076.5833
경상남도,201007,101479.5
경상남도,201008,101882.4167
경상남도,201009,102285.3333
경상남도,201010,102688.25
경상남도,201011,103091.1667
경상남도,201012,103494.0833
경상남도,201101,103897
경상남도,201102,104331.1667
경상남도,201103,104765.3333
경상남도,201104,105199.5
경상남도,201105,105633.6667
경상남도,201106,106067.8333
경상남도,201107,106502
경상남도,201108,106936.1667
경상남도,201109,107370.3333
경상남도,201110,107804.5
경상남도,201111,108238.6667
경상남도,201112,108672.8333
경상남도,201201,109107
경상남도,201202,109463.6667
경상남도,201203,109820.3333
경상남도,201204,110177
경상남도,201205,110533.6667
경상남도,201206,110890.3333
경상남도,201207,111247
경상남도,201208,111603.6667
경상남도,201209,111960.3333
경상남도,201210,112317
경상남도,201211,112673.6667
경상남도,201212,113030.3333
경상남도,201301,113387
경상남도,201302,113867.25
경상남도,201303,114347.5
경상남도,201304,114827.75
경상남도,201305,115308
경상남도,201306,115788.25
경상남도,201307,116268.5
경상남도,201308,116748.75
경상남도,201309,117229
경상남도,201310,117709.25
경상남도,201311,118189.5
경상남도,201312,118669.75
경상남도,201401,119150
경상남도,201402,119208.1667
경상남도,201403,119266.3333
경상남도,201404,119324.5
경상남도,201405,119382.6667
경상남도,201406,119440.8333
경상남도,201407,119499
경상남도,201408,119557.1667
경상남도,201409,119615.3333
경상남도,201410,119673.5
경상남도,201411,119731.6667
경상남도,201412,119789.8333
경상남도,201501,119848
경상남도,201502,120160.5833
경상남도,201503,120473.1667
경상남도,201504,120785.75
경상남도,201505,121098.3333
경상남도,201506,121410.9167
경상남도,201507,121723.5
경상남도,201508,122036.0833
경상남도,201509,122348.6667
경상남도,201510,122661.25
경상남도,201511,122973.8333
경상남도,201512,123286.4167
경상남도,201601,123599
경상남도,201602,123760.75
경상남도,201603,123922.5
경상남도,201604,124084.25
경상남도,201605,124246
경상남도,201606,124407.75
경상남도,201607,124569.5
경상남도,201608,124731.25
경상남도,201609,124893
경상남도,201610,125054.75
경상남도,201611,125216.5
경상남도,201612,125378.25
경상남도,201701,125540
경상남도,201702,125500.6667
경상남도,201703,125461.3333
경상남도,201704,125422
경상남도,201705,125382.6667
경상남도,201706,125343.3333
경상남도,201707,125304
경상남도,201708,125264.6667
경상남도,201709,125225.3333
경상남도,201710,125186
경상남도,201711,125146.6667
경상남도,201712,125107.3333
경상남도,201801,125068
경상남도,201802,125811.3333
경상남도,201803,126554.6667
경상남도,201804,127298
경상남도,201805,128041.3333
경상남도,201806,128784.6667
경상남도,201807,129528
경상남도,201808,130271.3333
경상남도,201809,131014.6667
경상남도,201810,131758
경상남도,201811,132501.3333
경상남도,201812,133244.6667
경상남도,201901,133988
경상남도,201902,132317.75
경상남도,201903,130647.5
경상남도,201904,128977.25
경상남도,201905,127307
경상남도,201906,125636.75
경상남도,201907,123966.5
경상남도,201908,122296.25
경상남도,201909,120626
경상남도,201910,118955.75
경상남도,201911,117285.5
경상남도,201912,115615.25
경상남도,202001,113945
경상남도,202002,114492.1667
경상남도,202003,115039.3333
경상남도,202004,115586.5
경상남도,202005,116133.6667
경상남도,202006,116680.8333
경상남도,202007,117228
경상남도,202008,117775.1667
경상남도,202009,118322.3333
경상남도,202010,118869.5
경상남도,202011,119416.6667
경상남도,202012,119963.8333
경상남도,202101,120511
경상남도,202102,121086
경상남도,202103,121661
경상남도,202104,122236
경상남도,202105,122811
경상남도,202106,123386
경상남도,202107,123961
경상남도,202108,124536
경상남도,202109,125111
경상남도,202110,125686
경상남도,202111,126261
경상남도,202112,126836
경상남도,202201,127411
경상남도,202202,131425.8173
경상남도,202203,131614.5489
경상남도,202204,131803.2804
경상남도,202205,131992.0119
경상남도,202206,132180.7435
경상남도,202207,132369.475
경상남도,202208,132558.2065
경상남도,202209,132746.938
경상남도,202210,132935.6696
경상남도,202211,133124.4011
경상남도,202212,133313.1326
경상남도,202301,133501.8642
경상남도,202302,133690.5957
경상남도,202303,133879.3272
경상남도,202304,134068.0588
경상남도,202305,134256.7903
경상남도,202306,134445.5218
경상남도,202307,134634.2534
경상남도,202308,134822.9849
경상남도,202309,135011.7164
경상남도,202310,135200.4479
경상남도,202311,135389.1795
경상남도,202312,135577.911
경상남도,202401,135766.6425
경상남도,202402,135955.3741
제주특별자치도,200802,19259.66667
제주특별자치도,200803,19283.33333
제주특별자치도,200804,19307
제주특별자치도,200805,19330.66667
제주특별자치도,200806,19354.33333
제주특별자치도,200807,19378
제주특별자치도,200808,19401.66667
제주특별자치도,200809,19425.33333
제주특별자치도,200810,19449
제주특별자치도,200811,19472.66667
제주특별자치도,200812,19496.33333
제주특별자치도,200901,19520
제주특별자치도,200902,19586.08333
제주특별자치도,200903,19652.16667
제주특별자치도,200904,19718.25
제주특별자치도,200905,19784.33333
제주특별자치도,200906,19850.41667
제주특별자치도,200907,19916.5
제주특별자치도,200908,19982.58333
제주특별자치도,200909,20048.66667
제주특별자치도,200910,20114.75
제주특별자치도,200911,20180.83333
제주특별자치도,200912,20246.91667
제주특별자치도,201001,20313
제주특별자치도,201002,20375.25
제주특별자치도,201003,20437.5
제주특별자치도,201004,20499.75
제주특별자치도,201005,20562
제주특별자치도,201006,20624.25
제주특별자치도,201007,20686.5
제주특별자치도,201008,20748.75
제주특별자치도,201009,20811
제주특별자치도,201010,20873.25
제주특별자치도,201011,20935.5
제주특별자치도,201012,20997.75
제주특별자치도,201101,21060
제주특별자치도,201102,21164.41667
제주특별자치도,201103,21268.83333
제주특별자치도,201104,21373.25
제주특별자치도,201105,21477.66667
제주특별자치도,201106,21582.08333
제주특별자치도,201107,21686.5
제주특별자치도,201108,21790.91667
제주특별자치도,201109,21895.33333
제주특별자치도,201110,21999.75
제주특별자치도,201111,22104.16667
제주특별자치도,201112,22208.58333
제주특별자치도,201201,22313
제주특별자치도,201202,22433.08333
제주특별자치도,201203,22553.16667
제주특별자치도,201204,22673.25
제주특별자치도,201205,22793.33333
제주특별자치도,201206,22913.41667
제주특별자치도,201207,23033.5
제주특별자치도,201208,23153.58333
제주특별자치도,201209,23273.66667
제주특별자치도,201210,23393.75
제주특별자치도,201211,23513.83333
제주특별자치도,201212,23633.91667
제주특별자치도,201301,23754
제주특별자치도,201302,23844.16667
제주특별자치도,201303,23934.33333
제주특별자치도,201304,24024.5
제주특별자치도,201305,24114.66667
제주특별자치도,201306,24204.83333
제주특별자치도,201307,24295
제주특별자치도,201308,24385.16667
제주특별자치도,201309,24475.33333
제주특별자치도,201310,24565.5
제주특별자치도,201311,24655.66667
제주특별자치도,201312,24745.83333
제주특별자치도,201401,24836
제주특별자치도,201402,24952
제주특별자치도,201403,25068
제주특별자치도,201404,25184
제주특별자치도,201405,25300
제주특별자치도,201406,25416
제주특별자치도,201407,25532
제주특별자치도,201408,25648
제주특별자치도,201409,25764
제주특별자치도,201410,25880
제주특별자치도,201411,25996
제주특별자치도,201412,26112
제주특별자치도,201501,26228
제주특별자치도,201502,26313.16667
제주특별자치도,201503,26398.33333
제주특별자치도,201504,26483.5
제주특별자치도,201505,26568.66667
제주특별자치도,201506,26653.83333
제주특별자치도,201507,26739
제주특별자치도,201508,26824.16667
제주특별자치도,201509,26909.33333
제주특별자치도,201510,26994.5
제주특별자치도,201511,27079.66667
제주특별자치도,201512,27164.83333
제주특별자치도,201601,27250
제주특별자치도,201602,27334.58333
제주특별자치도,201603,27419.16667
제주특별자치도,201604,27503.75
제주특별자치도,201605,27588.33333
제주특별자치도,201606,27672.91667
제주특별자치도,201607,27757.5
제주특별자치도,201608,27842.08333
제주특별자치도,201609,27926.66667
제주특별자치도,201610,28011.25
제주특별자치도,201611,28095.83333
제주특별자치도,201612,28180.41667
제주특별자치도,201701,28265
제주특별자치도,201702,28316
제주특별자치도,201703,28367
제주특별자치도,201704,28418
제주특별자치도,201705,28469
제주특별자치도,201706,28520
제주특별자치도,201707,28571
제주특별자치도,201708,28622
제주특별자치도,201709,28673
제주특별자치도,201710,28724
제주특별자치도,201711,28775
제주특별자치도,201712,28826
제주특별자치도,201801,28877
제주특별자치도,201802,29116.58333
제주특별자치도,201803,29356.16667
제주특별자치도,201804,29595.75
제주특별자치도,201805,29835.33333
제주특별자치도,201806,30074.91667
제주특별자치도,201807,30314.5
제주특별자치도,201808,30554.08333
제주특별자치도,201809,30793.66667
제주특별자치도,201810,31033.25
제주특별자치도,201811,31272.83333
제주특별자치도,201812,31512.41667
제주특별자치도,201901,31752
제주특별자치도,201902,31304.41667
제주특별자치도,201903,30856.83333
제주특별자치도,201904,30409.25
제주특별자치도,201905,29961.66667
제주특별자치도,201906,29514.08333
제주특별자치도,201907,29066.5
제주특별자치도,201908,28618.91667
제주특별자치도,201909,28171.33333
제주특별자치도,201910,27723.75
제주특별자치도,201911,27276.16667
제주특별자치도,201912,26828.58333
제주특별자치도,202001,26381
제주특별자치도,202002,26549.75
제주특별자치도,202003,26718.5
제주특별자치도,202004,26887.25
제주특별자치도,202005,27056
제주특별자치도,202006,27224.75
제주특별자치도,202007,27393.5
제주특별자치도,202008,27562.25
제주특별자치도,202009,27731
제주특별자치도,202010,27899.75
제주특별자치도,202011,28068.5
제주특별자치도,202012,28237.25
제주특별자치도,202101,28406
제주특별자치도,202102,28577.5
제주특별자치도,202103,28749
제주특별자치도,202104,28920.5
제주특별자치도,202105,29092
제주특별자치도,202106,29263.5
제주특별자치도,202107,29435
제주특별자치도,202108,29606.5
제주특별자치도,202109,29778
제주특별자치도,202110,29949.5
제주특별자치도,202111,30121
제주특별자치도,202112,30292.5
제주특별자치도,202201,30464
제주특별자치도,202202,31301.90091
제주특별자치도,202203,31372.86776
제주특별자치도,202204,31443.83461
제주특별자치도,202205,31514.80145
제주특별자치도,202206,31585.7683
제주특별자치도,202207,31656.73515
제주특별자치도,202208,31727.70199
제주특별자치도,202209,31798.66884
제주특별자치도,202210,31869.63568
제주특별자치도,202211,31940.60253
제주특별자치도,202212,32011.56938
제주특별자치도,202301,32082.53622
제주특별자치도,202302,32153.50307
제주특별자치도,202303,32224.46992
제주특별자치도,202304,32295.43676
제주특별자치도,202305,32366.40361
제주특별자치도,202306,32437.37046
제주특별자치도,202307,32508.3373
제주특별자치도,202308,32579.30415
제주특별자치도,202309,32650.271
제주특별자치도,202310,32721.23784
제주특별자치도,202311,32792.20469
제주특별자치도,202312,32863.17154
제주특별자치도,202401,32934.13838
제주특별자치도,202402,33005.10523
